seed_pair,sample_idx,family,kendall_weighted_tau,jaccard_at_5,jaccard_at_10,jaccard_at_20
42-1337,0,Benign,0.6213235034166384,0.25,0.17647058823529413,0.3333333333333333
42-1337,1,Benign,0.8111125274741283,0.42857142857142855,0.5384615384615384,0.48148148148148145
42-1337,2,Bot,0.654062301805701,0.42857142857142855,0.5384615384615384,0.3333333333333333
42-1337,3,Bot,0.6832237415159044,0.6666666666666666,0.6666666666666666,0.48148148148148145
42-1337,4,BruteForce,0.6223299206006836,0.42857142857142855,0.42857142857142855,0.48148148148148145
42-1337,5,BruteForce,0.5419007553194797,0.42857142857142855,0.42857142857142855,0.42857142857142855
42-1337,6,DDoS,0.7767592723858356,0.25,0.5384615384615384,0.8181818181818182
42-1337,7,DDoS,0.736881274331906,0.42857142857142855,0.5384615384615384,0.6666666666666666
42-1337,8,DoS,0.7537946923274094,0.25,0.42857142857142855,0.6
42-1337,9,DoS,0.7744624305624335,0.6666666666666666,0.42857142857142855,0.48148148148148145
42-1337,10,PortScan,0.6596128654280131,0.6666666666666666,0.5384615384615384,0.42857142857142855
42-1337,11,PortScan,0.6611745170913971,0.6666666666666666,0.6666666666666666,0.5384615384615384
42-1337,12,WebAttack,0.6003174330597179,0.42857142857142855,0.25,0.3333333333333333
42-1337,13,WebAttack,0.5972919066779357,0.42857142857142855,0.25,0.2903225806451613
42-2024,0,Benign,0.6759011968176016,0.42857142857142855,0.42857142857142855,0.3793103448275862
42-2024,1,Benign,0.7728171758236153,0.42857142857142855,0.5384615384615384,0.3793103448275862
42-2024,2,Bot,0.69529145678412,0.25,0.42857142857142855,0.48148148148148145
42-2024,3,Bot,0.6493577425155186,0.25,0.25,0.48148148148148145
42-2024,4,BruteForce,0.6908098638911143,0.6666666666666666,0.42857142857142855,0.5384615384615384
42-2024,5,BruteForce,0.6932501850823832,0.6666666666666666,0.42857142857142855,0.5384615384615384
42-2024,6,DDoS,0.6899013867208107,0.25,0.5384615384615384,0.6
42-2024,7,DDoS,0.7227712711251851,0.25,0.6666666666666666,0.6
42-2024,8,DoS,0.7424097353309921,0.42857142857142855,0.5384615384615384,0.6
42-2024,9,DoS,0.7719995669393646,0.25,0.6666666666666666,0.7391304347826086
42-2024,10,PortScan,0.6535724381946926,0.6666666666666666,0.42857142857142855,0.48148148148148145
42-2024,11,PortScan,0.6684736276688648,0.42857142857142855,0.6666666666666666,0.5384615384615384
42-2024,12,WebAttack,0.6028006800230816,0.25,0.25,0.25
42-2024,13,WebAttack,0.6020311726840775,0.25,0.25,0.3793103448275862
1337-2024,0,Benign,0.6781918869104708,0.25,0.42857142857142855,0.48148148148148145
1337-2024,1,Benign,0.7840898970105323,0.6666666666666666,0.5384615384615384,0.5384615384615384
1337-2024,2,Bot,0.6399773535523934,0.42857142857142855,0.42857142857142855,0.42857142857142855
1337-2024,3,Bot,0.6750646874961749,0.25,0.42857142857142855,0.6
1337-2024,4,BruteForce,0.6592864613185683,0.6666666666666666,0.42857142857142855,0.42857142857142855
1337-2024,5,BruteForce,0.6113715652769369,0.6666666666666666,0.42857142857142855,0.3793103448275862
1337-2024,6,DDoS,0.6503438762049962,0.25,0.5384615384615384,0.6666666666666666
1337-2024,7,DDoS,0.679233982373102,0.42857142857142855,0.5384615384615384,0.6
1337-2024,8,DoS,0.7169176015643528,0.42857142857142855,0.42857142857142855,0.6
1337-2024,9,DoS,0.7139347345870692,0.42857142857142855,0.3333333333333333,0.6
1337-2024,10,PortScan,0.6674102291739139,0.42857142857142855,0.3333333333333333,0.48148148148148145
1337-2024,11,PortScan,0.6228883881770924,0.42857142857142855,0.5384615384615384,0.5384615384615384
1337-2024,12,WebAttack,0.5740766761531008,0.25,0.17647058823529413,0.2903225806451613
1337-2024,13,WebAttack,0.5715169850487127,0.25,0.25,0.21212121212121213
