silo,sample_idx,family,kendall_weighted_tau,jaccard_at_5,jaccard_at_10,jaccard_at_20
0,0,Benign,0.6534195745418535,0.1111111111111111,0.25,0.5384615384615384
0,1,Benign,0.8022005069912048,0.6666666666666666,0.8181818181818182,0.5384615384615384
0,2,Bot,0.7229626708554737,0.1111111111111111,0.17647058823529413,0.48148148148148145
0,3,Bot,0.5831511663687174,0.42857142857142855,0.42857142857142855,0.6
0,4,BruteForce,0.6916311156840091,0.42857142857142855,0.25,0.5384615384615384
0,5,BruteForce,0.6898456788996206,0.42857142857142855,0.25,0.6
0,6,DDoS,0.8252296712157066,0.42857142857142855,0.6666666666666666,0.8181818181818182
0,7,DDoS,0.8117796882770882,0.42857142857142855,0.8181818181818182,0.5384615384615384
0,8,DoS,0.7393930084262528,0.25,0.42857142857142855,0.6666666666666666
0,9,DoS,0.8305585914269804,0.42857142857142855,0.5384615384615384,0.5384615384615384
0,10,PortScan,0.7448702892965244,0.6666666666666666,0.42857142857142855,0.5384615384615384
0,11,PortScan,0.7973332210697521,0.6666666666666666,0.5384615384615384,0.7391304347826086
0,12,WebAttack,0.5977870853858456,0.42857142857142855,0.5384615384615384,0.42857142857142855
0,13,WebAttack,0.59023608402611,0.25,0.42857142857142855,0.42857142857142855
1,0,Benign,0.829543481856239,0.42857142857142855,0.5384615384615384,0.6666666666666666
1,1,Benign,0.7860128394819308,0.42857142857142855,0.5384615384615384,0.42857142857142855
1,2,Bot,0.816054574304784,0.6666666666666666,0.5384615384615384,0.5384615384615384
1,3,Bot,0.7609949910325933,0.42857142857142855,0.6666666666666666,0.6
1,4,BruteForce,0.8529086122029488,0.6666666666666666,0.6666666666666666,0.6666666666666666
1,5,BruteForce,0.8278458014672717,0.6666666666666666,0.6666666666666666,0.6
1,6,DDoS,0.8507995136968153,0.6666666666666666,1.0,0.7391304347826086
1,7,DDoS,0.874119450242467,1.0,0.6666666666666666,0.8181818181818182
1,8,DoS,0.8568070070316363,0.42857142857142855,0.5384615384615384,0.7391304347826086
1,9,DoS,0.8654591119505378,0.25,0.6666666666666666,0.8181818181818182
1,10,PortScan,0.7917134092744409,0.6666666666666666,0.6666666666666666,0.6
1,11,PortScan,0.802603417677622,1.0,0.42857142857142855,0.48148148148148145
1,12,WebAttack,0.7566723083373343,0.6666666666666666,0.6666666666666666,0.42857142857142855
1,13,WebAttack,0.7827670145685197,0.6666666666666666,0.6666666666666666,0.3793103448275862
2,0,Benign,0.8599961488114276,0.6666666666666666,0.5384615384615384,0.6
2,1,Benign,0.8931752437158211,0.6666666666666666,0.6666666666666666,0.9047619047619048
2,2,Bot,0.8271962167182065,0.25,0.6666666666666666,0.6
2,3,Bot,0.8018483596487864,0.25,0.5384615384615384,0.8181818181818182
2,4,BruteForce,0.8857791962877595,0.6666666666666666,0.6666666666666666,0.7391304347826086
2,5,BruteForce,0.8930270077548117,0.6666666666666666,0.6666666666666666,0.8181818181818182
2,6,DDoS,0.8981200064784358,0.6666666666666666,1.0,0.9047619047619048
2,7,DDoS,0.8949707255574039,0.6666666666666666,0.8181818181818182,0.7391304347826086
2,8,DoS,0.8833466873390574,0.6666666666666666,0.6666666666666666,0.9047619047619048
2,9,DoS,0.9462371332434742,0.42857142857142855,0.8181818181818182,0.8181818181818182
2,10,PortScan,0.9068717929013956,0.6666666666666666,0.6666666666666666,0.7391304347826086
2,11,PortScan,0.7424767807462747,1.0,0.5384615384615384,0.6666666666666666
2,12,WebAttack,0.6844783880662193,0.42857142857142855,0.42857142857142855,0.6666666666666666
2,13,WebAttack,0.6982197948846676,0.6666666666666666,0.5384615384615384,0.6666666666666666
