combo,min_coverage,total_attack_flipped,cov_Bot,cov_BruteForce,cov_DDoS,cov_DoS,cov_PortScan,cov_WebAttack
"(0, 3)",0.16729678638941398,118708,0.16729678638941398,0.3353166170845729,0.28336084207903833,0.3566599335592541,0.4385076954909357,0.4085014409221902
"(0, 5)",0.10809141445336627,101450,0.45589161940768747,0.25563110922226945,0.5156332720874467,0.10809141445336627,0.41827818364131214,0.12247838616714697
"(5, 8)",0.08789625360230548,93927,0.7662255828607435,0.08946026349341267,0.2370838653420946,0.3498990033888119,0.2689681516497159,0.08789625360230548
"(2, 3)",0.08641898414873408,76323,0.1509136735979836,0.2288567785805355,0.08641898414873408,0.4617381433317196,0.10496745133616642,0.5079250720461095
"(2, 5)",0.08473793948654283,59065,0.43950850661625707,0.14917127071823205,0.3186914141571424,0.21316962422583177,0.08473793948654283,0.2219020172910663
"(0, 2)",0.07876496534341525,117595,0.07876496534341525,0.2339566510837229,0.3644234063093644,0.2626663105353655,0.48639959254484394,0.17723342939481268
"(2, 8)",0.06778580535486613,110072,0.38909892879647134,0.06778580535486613,0.08587399956401233,0.5044738994708111,0.3370895605532477,0.14265129682997119
"(0, 4)",0.05986137366099559,87905,0.05986137366099559,0.1780705482362941,0.3266949020584846,0.1055456321052368,0.4207770297155772,0.26945244956772335
"(0, 9)",0.05828607435412728,107545,0.05828607435412728,0.3703782405439864,0.30570521005262996,0.08204931305610737,0.6049117445765491,0.09510086455331412
"(0, 7)",0.05702583490863264,106783,0.05702583490863264,0.17190820229494264,0.594484756002616,0.13113700482446622,0.4123732671218705,0.059077809798270896
"(0, 1)",0.0500945179584121,83970,0.0500945179584121,0.18168295792605185,0.29109962318208715,0.10474433667762884,0.4106861481163157,0.058357348703170026
"(0, 6)",0.04788909892879647,82513,0.04788909892879647,0.4604759881002975,0.28124318769269097,0.08006276814182929,0.4171958808830317,0.07780979827089338
"(2, 4)",0.043478260869565216,45520,0.043478260869565216,0.0716107097322567,0.12975304412818037,0.21062384187770228,0.08723678556080791,0.3688760806916426
"(0, 8)",0.043227665706051875,152457,0.4054820415879017,0.17424564385890354,0.2828158574943166,0.39939568969834566,0.670629804708017,0.043227665706051875
"(2, 9)",0.04190296156269691,65160,0.04190296156269691,0.263918402039949,0.10876335212232568,0.18712752282857287,0.27137150042177977,0.19452449567723343
"(2, 7)",0.04064272211720227,64398,0.04064272211720227,0.06544836379090523,0.3975428980723117,0.2362152145969317,0.07883302296710118,0.1585014409221902
"(3, 4)",0.03934488850689968,46633,0.13201008191556396,0.17297067573310668,0.04869047989785432,0.3046174649015909,0.03934488850689968,0.6001440922190202
"(3, 5)",0.03684604243263461,60178,0.5280403276622558,0.250531236719082,0.23762884992681635,0.3071632472497204,0.03684604243263461,0.4531700288184438
"(1, 2)",0.03371140516698173,41585,0.03371140516698173,0.07522311942201446,0.09415776525178288,0.20982254645009432,0.07714590396154641,0.15778097982708933
"(5, 9)",0.03255262674657363,49015,0.4190296156269691,0.28559286017849556,0.25997321790040795,0.03255262674657363,0.20325009151824794,0.13976945244956773
"(2, 6)",0.0315059861373661,40128,0.0315059861373661,0.3540161495962601,0.08430132976238672,0.18514097791429476,0.08365563672826243,0.17723342939481268
"(3, 7)",0.03094112591319295,65511,0.129174543163201,0.1668083297917552,0.3164803338419856,0.3302088376208203,0.03094112591319295,0.38976945244956773
"(3, 9)",0.027700787891999628,66273,0.13043478260869565,0.365278368040799,0.027700787891999628,0.2811211458524615,0.22347960336787154,0.4257925072046109
"(8, 9)",0.02715580330727788,100022,0.3686200378071834,0.20420739481512962,0.02715580330727788,0.32385690199155304,0.4556017125849528,0.06051873198847262
"(4, 9)",0.022999369880277253,35470,0.022999369880277253,0.2080322991925202,0.07103484787144593,0.03000684439844415,0.205748937592513,0.28674351585014407
"(7, 9)",0.020163831127914304,54348,0.020163831127914304,0.20186995325116872,0.3388247018155772,0.05559821711767357,0.19734517499880627,0.07636887608069164
"(4, 5)",0.019115376657276098,29375,0.42060491493383745,0.09328516787080322,0.28096290990626266,0.056048945795703055,0.019115376657276098,0.31412103746397696
"(5, 6)",0.015534227824730618,23983,0.4086326402016383,0.3756906077348066,0.235511195540469,0.030566081832295543,0.015534227824730618,0.12247838616714697
"(1, 9)",0.013232514177693762,31535,0.013232514177693762,0.21164470888227793,0.03543956899504842,0.029205548970836184,0.19565805599325153,0.07564841498559077
"(1, 3)",0.013095201021456821,42698,0.12224322621298046,0.17658308542286444,0.013095201021456821,0.30381616947398293,0.029254006907638193,0.38904899135446686
"(4, 6)",0.01260239445494644,10438,0.01260239445494644,0.29813004674883126,0.04657282551150696,0.028020299484166067,0.018033073898995687,0.26945244956772335
"(1, 8)",0.012550216436735075,76447,0.36042848141146816,0.01551211219719507,0.012550216436735075,0.34655192561307446,0.2613761161247195,0.02377521613832853
"(4, 8)",0.011899702507437314,80382,0.37019533711405167,0.011899702507437314,0.04814549531313257,0.34735322104068245,0.271466997723981,0.23487031700288186
"(1, 4)",0.01152334113227968,11895,0.014807813484562067,0.019337016574585635,0.05642926100090312,0.05270186801996561,0.01152334113227968,0.25
"(5, 7)",0.010711614063569371,48253,0.41776937618147447,0.08712282192945177,0.548752763850394,0.08164031851493248,0.010711614063569371,0.1037463976945245
"(6, 7)",0.009629311305288959,29316,0.009766855702583491,0.2919677008074798,0.3143626794556382,0.05361167220339549,0.009629311305288959,0.059077809798270896
"(4, 7)",0.009562260943476413,34708,0.021739130434782608,0.009562260943476413,0.35981439382143193,0.079094536166803,0.01321046013783444,0.2507204610951009
"(1, 5)",0.009024495058014611,25440,0.41083805923125394,0.09689757756056099,0.24536763102986517,0.055247650368095085,0.009024495058014611,0.10302593659942363
"(7, 8)",0.005737356566085848,99260,0.3673597983616887,0.005737356566085848,0.31593534925726385,0.37294459375991185,0.26306323513027424,0.024495677233429394
"(3, 8)",0.004811435333686276,111185,0.47763074984247006,0.1691457713557161,0.004811435333686276,0.5984675224946998,0.28919766349933945,0.3739193083573487
"(6, 9)",0.0045239804350366425,30078,0.011027095148078135,0.4904377390565236,0.025583133505652268,0.0045239804350366425,0.20216778875996752,0.09510086455331412
"(3, 6)",0.0032387655320606644,41241,0.12003780718336483,0.45537611559711005,0.0032387655320606644,0.2791346009381834,0.0357637396743542,0.4085014409221902
"(1, 7)",0.003119578538572952,30773,0.011972274732199117,0.01317467063323417,0.3242191149450344,0.07829324073919504,0.003119578538572952,0.03962536023054755
"(1, 6)",0.002835538752362949,6503,0.002835538752362949,0.30174245643858905,0.010977546635109465,0.027219004056558103,0.0079421922997342,0.058357348703170026
"(6, 8)",0.002693780947338918,74990,0.35822306238185253,0.29430514237144073,0.002693780947338918,0.3218703570772749,0.26788584889143546,0.043227665706051875
