Label,-1,0,1,2,3,4,6
BENIGN,1587280,0,0,0,0,0,0
Botnet,736,0,0,0,0,0,0
Botnet - Attempted,0,0,4067,0,0,0,0
DDoS,95144,0,0,0,0,0,0
DoS GoldenEye,7567,0,0,0,0,0,0
DoS GoldenEye - Attempted,0,80,0,0,0,0,0
DoS Hulk,158449,0,0,0,0,0,0
DoS Hulk - Attempted,0,579,0,2,0,0,0
DoS Slowhttptest,1741,0,0,0,0,0,0
DoS Slowhttptest - Attempted,0,563,0,0,0,0,2804
DoS Slowloris,3998,0,0,0,0,0,0
DoS Slowloris - Attempted,0,1705,0,3,0,0,0
FTP-Patator,3972,0,0,0,0,0,0
FTP-Patator - Attempted,0,10,0,2,0,0,0
Heartbleed,11,0,0,0,0,0,0
Infiltration,36,0,0,0,0,0,0
Infiltration - Attempted,0,42,0,3,0,0,0
Infiltration - Portscan,67072,0,0,0,0,0,0
Portscan,159066,0,0,0,0,0,0
SSH-Patator,2961,0,0,0,0,0,0
SSH-Patator - Attempted,0,0,0,0,27,0,0
Web Attack - Brute Force,73,0,0,0,0,0,0
Web Attack - Brute Force - Attempted,0,1214,0,7,0,71,0
Web Attack - SQL Injection,13,0,0,0,0,0,0
Web Attack - SQL Injection - Attempted,0,1,0,4,0,0,0
Web Attack - XSS,18,0,0,0,0,0,0
Web Attack - XSS - Attempted,0,651,0,4,0,0,0
