Label,Benign-Monday.csv,Bruteforce-Tuesday.csv,DoS-Wednesday.csv,Infiltration-Webattacks-Thursday.csv,Portscan-DDos-Botnet-Friday.csv
BENIGN,371624,315106,319139,292867,288544
Botnet,0,0,0,0,736
Botnet - Attempted,0,0,0,0,4067
DDoS,0,0,0,0,95144
DoS GoldenEye,0,0,7567,0,0
DoS GoldenEye - Attempted,0,0,80,0,0
DoS Hulk,0,0,158449,0,0
DoS Hulk - Attempted,0,0,581,0,0
DoS Slowhttptest,0,0,1741,0,0
DoS Slowhttptest - Attempted,0,0,3367,0,0
DoS Slowloris,0,0,3998,0,0
DoS Slowloris - Attempted,0,0,1708,0,0
FTP-Patator,0,3972,0,0,0
FTP-Patator - Attempted,0,12,0,0,0
Heartbleed,0,0,11,0,0
Infiltration,0,0,0,36,0
Infiltration - Attempted,0,0,0,45,0
Infiltration - Portscan,0,0,0,67072,0
Portscan,0,0,0,0,159066
SSH-Patator,0,2961,0,0,0
SSH-Patator - Attempted,0,27,0,0,0
Web Attack - Brute Force,0,0,0,73,0
Web Attack - Brute Force - Attempted,0,0,0,1292,0
Web Attack - SQL Injection,0,0,0,13,0
Web Attack - SQL Injection - Attempted,0,0,0,5,0
Web Attack - XSS,0,0,0,18,0
Web Attack - XSS - Attempted,0,0,0,655,0
