tag,alpha,seed,round,fleet_parity,silo_id,silo_deviation,flagged
fedavg_a0.1_s42,0.1,42,5,0.1899490290443163,0,0.8671023965141611,False
fedavg_a0.1_s42,0.1,42,5,0.1899490290443163,1,0.823529411764706,False
fedavg_a0.1_s42,0.1,42,5,0.1899490290443163,2,0.6031746031746031,False
fedavg_a0.1_s42,0.1,42,5,0.1899490290443163,3,0.7990196078431372,False
fedavg_a0.1_s42,0.1,42,5,0.1899490290443163,4,0.634920634920635,False
fedavg_a0.1_s42,0.1,42,5,0.1899490290443163,5,0.6944444444444445,False
fedavg_a0.1_s42,0.1,42,5,0.1899490290443163,6,0.823529411764706,False
fedavg_a0.1_s42,0.1,42,5,0.1899490290443163,7,0.75,False
fedavg_a0.1_s42,0.1,42,5,0.1899490290443163,8,0.6944444444444445,False
fedavg_a0.1_s42,0.1,42,10,0.2383073749817816,0,0.6872082166199812,False
fedavg_a0.1_s42,0.1,42,10,0.2383073749817816,1,0.7222222222222223,False
fedavg_a0.1_s42,0.1,42,10,0.2383073749817816,2,0.6666666666666666,False
fedavg_a0.1_s42,0.1,42,10,0.2383073749817816,3,0.7990196078431372,False
fedavg_a0.1_s42,0.1,42,10,0.2383073749817816,4,0.6626984126984127,False
fedavg_a0.1_s42,0.1,42,10,0.2383073749817816,5,0.5347985347985348,False
fedavg_a0.1_s42,0.1,42,10,0.2383073749817816,6,0.7467320261437909,False
fedavg_a0.1_s42,0.1,42,10,0.2383073749817816,7,0.6031746031746031,False
fedavg_a0.1_s42,0.1,42,10,0.2383073749817816,8,0.6031746031746031,False
fedavg_a0.1_s42,0.1,42,15,0.22505180784764547,0,0.7745098039215685,False
fedavg_a0.1_s42,0.1,42,15,0.22505180784764547,1,0.7222222222222223,False
fedavg_a0.1_s42,0.1,42,15,0.22505180784764547,2,0.634920634920635,False
fedavg_a0.1_s42,0.1,42,15,0.22505180784764547,3,0.9278752436647174,False
fedavg_a0.1_s42,0.1,42,15,0.22505180784764547,4,0.6031746031746031,False
fedavg_a0.1_s42,0.1,42,15,0.22505180784764547,5,0.6666666666666666,False
fedavg_a0.1_s42,0.1,42,15,0.22505180784764547,6,0.6904761904761904,False
fedavg_a0.1_s42,0.1,42,15,0.22505180784764547,7,0.634920634920635,False
fedavg_a0.1_s42,0.1,42,15,0.22505180784764547,8,0.6031746031746031,False
fedavg_a0.1_s42,0.1,42,20,0.20320961415732652,0,0.8453159041394335,False
fedavg_a0.1_s42,0.1,42,20,0.20320961415732652,1,0.75,False
fedavg_a0.1_s42,0.1,42,20,0.20320961415732652,2,0.634920634920635,False
fedavg_a0.1_s42,0.1,42,20,0.20320961415732652,3,0.9649122807017544,False
fedavg_a0.1_s42,0.1,42,20,0.20320961415732652,4,0.7222222222222223,False
fedavg_a0.1_s42,0.1,42,20,0.20320961415732652,5,0.7467320261437909,False
fedavg_a0.1_s42,0.1,42,20,0.20320961415732652,6,0.823529411764706,False
fedavg_a0.1_s42,0.1,42,20,0.20320961415732652,7,0.6904761904761904,False
fedavg_a0.1_s42,0.1,42,20,0.20320961415732652,8,0.6031746031746031,False
fedavg_a0.1_s1337,0.1,1337,5,0.21363669074367386,0,0.6626984126984127,False
fedavg_a0.1_s1337,0.1,1337,5,0.21363669074367386,1,0.8671023965141611,False
fedavg_a0.1_s1337,0.1,1337,5,0.21363669074367386,2,0.6031746031746031,False
fedavg_a0.1_s1337,0.1,1337,5,0.21363669074367386,3,0.5665445665445665,False
fedavg_a0.1_s1337,0.1,1337,5,0.21363669074367386,4,0.7712418300653594,False
fedavg_a0.1_s1337,0.1,1337,5,0.21363669074367386,5,0.823529411764706,False
fedavg_a0.1_s1337,0.1,1337,5,0.21363669074367386,6,0.7685185185185185,False
fedavg_a0.1_s1337,0.1,1337,5,0.21363669074367386,7,0.6666666666666666,False
fedavg_a0.1_s1337,0.1,1337,5,0.21363669074367386,8,0.9083820662768032,False
fedavg_a0.1_s1337,0.1,1337,5,0.21363669074367386,9,0.5982905982905983,False
fedavg_a0.1_s1337,0.1,1337,10,0.25604653917347414,0,0.6031746031746031,False
fedavg_a0.1_s1337,0.1,1337,10,0.25604653917347414,1,0.75,False
fedavg_a0.1_s1337,0.1,1337,10,0.25604653917347414,2,0.6904761904761904,False
fedavg_a0.1_s1337,0.1,1337,10,0.25604653917347414,3,0.4188034188034188,False
fedavg_a0.1_s1337,0.1,1337,10,0.25604653917347414,4,0.5943223443223443,False
fedavg_a0.1_s1337,0.1,1337,10,0.25604653917347414,5,0.7467320261437909,False
fedavg_a0.1_s1337,0.1,1337,10,0.25604653917347414,6,0.75,False
fedavg_a0.1_s1337,0.1,1337,10,0.25604653917347414,7,0.4981684981684982,False
fedavg_a0.1_s1337,0.1,1337,10,0.25604653917347414,8,0.823529411764706,False
fedavg_a0.1_s1337,0.1,1337,10,0.25604653917347414,9,0.4981684981684982,False
fedavg_a0.1_s1337,0.1,1337,15,0.22918563936795788,0,0.7189542483660132,False
fedavg_a0.1_s1337,0.1,1337,15,0.22918563936795788,1,0.6944444444444445,False
fedavg_a0.1_s1337,0.1,1337,15,0.22918563936795788,2,0.7745098039215685,False
fedavg_a0.1_s1337,0.1,1337,15,0.22918563936795788,3,0.5347985347985348,False
fedavg_a0.1_s1337,0.1,1337,15,0.22918563936795788,4,0.5347985347985348,False
fedavg_a0.1_s1337,0.1,1337,15,0.22918563936795788,5,0.7189542483660132,False
fedavg_a0.1_s1337,0.1,1337,15,0.22918563936795788,6,0.6904761904761904,False
fedavg_a0.1_s1337,0.1,1337,15,0.22918563936795788,7,0.6666666666666666,False
fedavg_a0.1_s1337,0.1,1337,15,0.22918563936795788,8,0.8671023965141611,False
fedavg_a0.1_s1337,0.1,1337,15,0.22918563936795788,9,0.5714285714285714,False
fedavg_a0.1_s1337,0.1,1337,20,0.25548809317299165,0,0.7189542483660132,False
fedavg_a0.1_s1337,0.1,1337,20,0.25548809317299165,1,0.7745098039215685,False
fedavg_a0.1_s1337,0.1,1337,20,0.25548809317299165,2,0.6666666666666666,False
fedavg_a0.1_s1337,0.1,1337,20,0.25548809317299165,3,0.37606837606837606,False
fedavg_a0.1_s1337,0.1,1337,20,0.25548809317299165,4,0.4554334554334554,False
fedavg_a0.1_s1337,0.1,1337,20,0.25548809317299165,5,0.7467320261437909,False
fedavg_a0.1_s1337,0.1,1337,20,0.25548809317299165,6,0.634920634920635,False
fedavg_a0.1_s1337,0.1,1337,20,0.25548809317299165,7,0.5347985347985348,False
fedavg_a0.1_s1337,0.1,1337,20,0.25548809317299165,8,0.7962962962962963,False
fedavg_a0.1_s1337,0.1,1337,20,0.25548809317299165,9,0.6031746031746031,False
fedavg_a0.1_s2024,0.1,2024,5,0.24785451397078506,0,0.4981684981684982,False
fedavg_a0.1_s2024,0.1,2024,5,0.24785451397078506,1,0.5347985347985348,False
fedavg_a0.1_s2024,0.1,2024,5,0.24785451397078506,2,0.6944444444444445,False
fedavg_a0.1_s2024,0.1,2024,5,0.24785451397078506,3,0.9824561403508772,False
fedavg_a0.1_s2024,0.1,2024,5,0.24785451397078506,4,0.6666666666666666,False
fedavg_a0.1_s2024,0.1,2024,5,0.24785451397078506,5,0.8671023965141611,False
fedavg_a0.1_s2024,0.1,2024,5,0.24785451397078506,6,0.5347985347985348,False
fedavg_a0.1_s2024,0.1,2024,5,0.24785451397078506,7,0.5714285714285714,False
fedavg_a0.1_s2024,0.1,2024,5,0.24785451397078506,8,0.6666666666666666,False
fedavg_a0.1_s2024,0.1,2024,5,0.24785451397078506,9,0.6626984126984127,False
fedavg_a0.1_s2024,0.1,2024,10,0.2463499539866929,0,0.5714285714285714,False
fedavg_a0.1_s2024,0.1,2024,10,0.2463499539866929,1,0.6031746031746031,False
fedavg_a0.1_s2024,0.1,2024,10,0.2463499539866929,2,0.634920634920635,False
fedavg_a0.1_s2024,0.1,2024,10,0.2463499539866929,3,0.823529411764706,False
fedavg_a0.1_s2024,0.1,2024,10,0.2463499539866929,4,0.7222222222222223,False
fedavg_a0.1_s2024,0.1,2024,10,0.2463499539866929,5,0.634920634920635,False
fedavg_a0.1_s2024,0.1,2024,10,0.2463499539866929,6,0.6031746031746031,False
fedavg_a0.1_s2024,0.1,2024,10,0.2463499539866929,7,0.4981684981684982,False
fedavg_a0.1_s2024,0.1,2024,10,0.2463499539866929,8,0.7222222222222223,False
fedavg_a0.1_s2024,0.1,2024,10,0.2463499539866929,9,0.6944444444444445,False
fedavg_a0.1_s2024,0.1,2024,15,0.23726249734161672,0,0.7189542483660132,False
fedavg_a0.1_s2024,0.1,2024,15,0.23726249734161672,1,0.6309523809523809,False
fedavg_a0.1_s2024,0.1,2024,15,0.23726249734161672,2,0.6626984126984127,False
fedavg_a0.1_s2024,0.1,2024,15,0.23726249734161672,3,0.823529411764706,False
fedavg_a0.1_s2024,0.1,2024,15,0.23726249734161672,4,0.7222222222222223,False
fedavg_a0.1_s2024,0.1,2024,15,0.23726249734161672,5,0.7745098039215685,False
fedavg_a0.1_s2024,0.1,2024,15,0.23726249734161672,6,0.75,False
fedavg_a0.1_s2024,0.1,2024,15,0.23726249734161672,7,0.6031746031746031,False
fedavg_a0.1_s2024,0.1,2024,15,0.23726249734161672,8,0.7222222222222223,False
fedavg_a0.1_s2024,0.1,2024,15,0.23726249734161672,9,0.6904761904761904,False
fedavg_a0.1_s2024,0.1,2024,20,0.23822945582491506,0,0.634920634920635,False
fedavg_a0.1_s2024,0.1,2024,20,0.23822945582491506,1,0.6031746031746031,False
fedavg_a0.1_s2024,0.1,2024,20,0.23822945582491506,2,0.6666666666666666,False
fedavg_a0.1_s2024,0.1,2024,20,0.23822945582491506,3,0.8888888888888888,False
fedavg_a0.1_s2024,0.1,2024,20,0.23822945582491506,4,0.6626984126984127,False
fedavg_a0.1_s2024,0.1,2024,20,0.23822945582491506,5,0.7990196078431372,False
fedavg_a0.1_s2024,0.1,2024,20,0.23822945582491506,6,0.6944444444444445,False
fedavg_a0.1_s2024,0.1,2024,20,0.23822945582491506,7,0.7222222222222223,False
fedavg_a0.1_s2024,0.1,2024,20,0.23822945582491506,8,0.634920634920635,False
fedavg_a0.1_s2024,0.1,2024,20,0.23822945582491506,9,0.5347985347985348,False
fedavg_a0.5_s42,0.5,42,5,0.49043226200088935,0,0.3333333333333333,False
fedavg_a0.5_s42,0.5,42,5,0.49043226200088935,1,0.4615384615384615,False
fedavg_a0.5_s42,0.5,42,5,0.49043226200088935,2,0.18181818181818177,False
fedavg_a0.5_s42,0.5,42,5,0.49043226200088935,3,0.4554334554334554,False
fedavg_a0.5_s42,0.5,42,5,0.49043226200088935,4,0.2828282828282828,False
fedavg_a0.5_s42,0.5,42,5,0.49043226200088935,5,0.5665445665445666,False
fedavg_a0.5_s42,0.5,42,5,0.49043226200088935,6,0.4188034188034188,False
fedavg_a0.5_s42,0.5,42,5,0.49043226200088935,7,0.37606837606837606,False
fedavg_a0.5_s42,0.5,42,5,0.49043226200088935,8,0.4615384615384615,False
fedavg_a0.5_s42,0.5,42,5,0.49043226200088935,9,0.37606837606837606,False
fedavg_a0.5_s42,0.5,42,10,0.46274346568464214,0,0.5347985347985348,False
fedavg_a0.5_s42,0.5,42,10,0.46274346568464214,1,0.2828282828282828,False
fedavg_a0.5_s42,0.5,42,10,0.46274346568464214,2,0.32556332556332557,False
fedavg_a0.5_s42,0.5,42,10,0.46274346568464214,3,0.4981684981684982,False
fedavg_a0.5_s42,0.5,42,10,0.46274346568464214,4,0.2828282828282828,False
fedavg_a0.5_s42,0.5,42,10,0.46274346568464214,5,0.7222222222222223,False
fedavg_a0.5_s42,0.5,42,10,0.46274346568464214,6,0.4615384615384615,False
fedavg_a0.5_s42,0.5,42,10,0.46274346568464214,7,0.4554334554334554,False
fedavg_a0.5_s42,0.5,42,10,0.46274346568464214,8,0.3333333333333333,False
fedavg_a0.5_s42,0.5,42,10,0.46274346568464214,9,0.2323232323232323,False
fedavg_a0.5_s42,0.5,42,15,0.4977646173724605,0,0.4920634920634921,False
fedavg_a0.5_s42,0.5,42,15,0.4977646173724605,1,0.18181818181818177,False
fedavg_a0.5_s42,0.5,42,15,0.4977646173724605,2,0.21445221445221443,False
fedavg_a0.5_s42,0.5,42,15,0.4977646173724605,3,0.5714285714285714,False
fedavg_a0.5_s42,0.5,42,15,0.4977646173724605,4,0.2323232323232323,False
fedavg_a0.5_s42,0.5,42,15,0.4977646173724605,5,0.6944444444444445,False
fedavg_a0.5_s42,0.5,42,15,0.4977646173724605,6,0.37606837606837606,False
fedavg_a0.5_s42,0.5,42,15,0.4977646173724605,7,0.2828282828282828,False
fedavg_a0.5_s42,0.5,42,15,0.4977646173724605,8,0.4615384615384615,False
fedavg_a0.5_s42,0.5,42,15,0.4977646173724605,9,0.37606837606837606,False
fedavg_a0.5_s42,0.5,42,20,0.4954027212197148,0,0.5665445665445665,False
fedavg_a0.5_s42,0.5,42,20,0.4954027212197148,1,0.37606837606837606,False
fedavg_a0.5_s42,0.5,42,20,0.4954027212197148,2,0.3682983682983683,False
fedavg_a0.5_s42,0.5,42,20,0.4954027212197148,3,0.5714285714285714,False
fedavg_a0.5_s42,0.5,42,20,0.4954027212197148,4,0.22222222222222224,False
fedavg_a0.5_s42,0.5,42,20,0.4954027212197148,5,0.7222222222222223,False
fedavg_a0.5_s42,0.5,42,20,0.4954027212197148,6,0.2828282828282828,False
fedavg_a0.5_s42,0.5,42,20,0.4954027212197148,7,0.37606837606837606,False
fedavg_a0.5_s42,0.5,42,20,0.4954027212197148,8,0.4188034188034188,False
fedavg_a0.5_s42,0.5,42,20,0.4954027212197148,9,0.22222222222222224,False
fedavg_a0.5_s1337,0.5,1337,5,0.4468205481277377,0,0.2828282828282828,False
fedavg_a0.5_s1337,0.5,1337,5,0.4468205481277377,1,0.37606837606837606,False
fedavg_a0.5_s1337,0.5,1337,5,0.4468205481277377,2,0.5665445665445666,False
fedavg_a0.5_s1337,0.5,1337,5,0.4468205481277377,3,0.32556332556332557,False
fedavg_a0.5_s1337,0.5,1337,5,0.4468205481277377,4,0.5714285714285714,False
fedavg_a0.5_s1337,0.5,1337,5,0.4468205481277377,5,0.3333333333333333,False
fedavg_a0.5_s1337,0.5,1337,5,0.4468205481277377,6,0.2323232323232323,False
fedavg_a0.5_s1337,0.5,1337,5,0.4468205481277377,7,0.7745098039215685,True
fedavg_a0.5_s1337,0.5,1337,5,0.4468205481277377,8,0.3333333333333333,False
fedavg_a0.5_s1337,0.5,1337,5,0.4468205481277377,9,0.4188034188034188,False
fedavg_a0.5_s1337,0.5,1337,10,0.42330789520332,0,0.5299145299145299,False
fedavg_a0.5_s1337,0.5,1337,10,0.42330789520332,1,0.4615384615384615,False
fedavg_a0.5_s1337,0.5,1337,10,0.42330789520332,2,0.41269841269841273,False
fedavg_a0.5_s1337,0.5,1337,10,0.42330789520332,3,0.4554334554334554,False
fedavg_a0.5_s1337,0.5,1337,10,0.42330789520332,4,0.6626984126984127,False
fedavg_a0.5_s1337,0.5,1337,10,0.42330789520332,5,0.32556332556332557,False
fedavg_a0.5_s1337,0.5,1337,10,0.42330789520332,6,0.4981684981684982,False
fedavg_a0.5_s1337,0.5,1337,10,0.42330789520332,7,0.7467320261437909,False
fedavg_a0.5_s1337,0.5,1337,10,0.42330789520332,8,0.4981684981684982,False
fedavg_a0.5_s1337,0.5,1337,10,0.42330789520332,9,0.6031746031746031,False
fedavg_a0.5_s1337,0.5,1337,15,0.45658366083202684,0,0.3333333333333333,False
fedavg_a0.5_s1337,0.5,1337,15,0.45658366083202684,1,0.3333333333333333,False
fedavg_a0.5_s1337,0.5,1337,15,0.45658366083202684,2,0.4188034188034188,False
fedavg_a0.5_s1337,0.5,1337,15,0.45658366083202684,3,0.3333333333333333,False
fedavg_a0.5_s1337,0.5,1337,15,0.45658366083202684,4,0.634920634920635,False
fedavg_a0.5_s1337,0.5,1337,15,0.45658366083202684,5,0.4188034188034188,False
fedavg_a0.5_s1337,0.5,1337,15,0.45658366083202684,6,0.4615384615384615,False
fedavg_a0.5_s1337,0.5,1337,15,0.45658366083202684,7,0.6031746031746031,False
fedavg_a0.5_s1337,0.5,1337,15,0.45658366083202684,8,0.2828282828282828,False
fedavg_a0.5_s1337,0.5,1337,15,0.45658366083202684,9,0.5347985347985348,False
fedavg_a0.5_s1337,0.5,1337,20,0.476060976060976,0,0.3333333333333333,False
fedavg_a0.5_s1337,0.5,1337,20,0.476060976060976,1,0.37606837606837606,False
fedavg_a0.5_s1337,0.5,1337,20,0.476060976060976,2,0.5347985347985348,False
fedavg_a0.5_s1337,0.5,1337,20,0.476060976060976,3,0.2828282828282828,False
fedavg_a0.5_s1337,0.5,1337,20,0.476060976060976,4,0.5714285714285714,False
fedavg_a0.5_s1337,0.5,1337,20,0.476060976060976,5,0.3333333333333333,False
fedavg_a0.5_s1337,0.5,1337,20,0.476060976060976,6,0.4615384615384615,False
fedavg_a0.5_s1337,0.5,1337,20,0.476060976060976,7,0.6031746031746031,False
fedavg_a0.5_s1337,0.5,1337,20,0.476060976060976,8,0.4188034188034188,False
fedavg_a0.5_s1337,0.5,1337,20,0.476060976060976,9,0.3333333333333333,False
fedavg_a0.5_s2024,0.5,2024,5,0.5128531961865295,0,0.4615384615384615,False
fedavg_a0.5_s2024,0.5,2024,5,0.5128531961865295,1,0.37606837606837606,False
fedavg_a0.5_s2024,0.5,2024,5,0.5128531961865295,2,0.37606837606837606,False
fedavg_a0.5_s2024,0.5,2024,5,0.5128531961865295,3,0.5299145299145299,True
fedavg_a0.5_s2024,0.5,2024,5,0.5128531961865295,4,0.41269841269841273,False
fedavg_a0.5_s2024,0.5,2024,5,0.5128531961865295,5,0.37606837606837606,False
fedavg_a0.5_s2024,0.5,2024,5,0.5128531961865295,6,0.5347985347985348,True
fedavg_a0.5_s2024,0.5,2024,5,0.5128531961865295,7,0.2828282828282828,False
fedavg_a0.5_s2024,0.5,2024,5,0.5128531961865295,8,0.3621933621933622,False
fedavg_a0.5_s2024,0.5,2024,5,0.5128531961865295,9,0.41269841269841273,False
fedavg_a0.5_s2024,0.5,2024,10,0.45035890035890036,0,0.6031746031746031,False
fedavg_a0.5_s2024,0.5,2024,10,0.45035890035890036,1,0.634920634920635,False
fedavg_a0.5_s2024,0.5,2024,10,0.45035890035890036,2,0.37606837606837606,False
fedavg_a0.5_s2024,0.5,2024,10,0.45035890035890036,3,0.4188034188034188,False
fedavg_a0.5_s2024,0.5,2024,10,0.45035890035890036,4,0.4981684981684982,False
fedavg_a0.5_s2024,0.5,2024,10,0.45035890035890036,5,0.4554334554334554,False
fedavg_a0.5_s2024,0.5,2024,10,0.45035890035890036,6,0.32556332556332557,False
fedavg_a0.5_s2024,0.5,2024,10,0.45035890035890036,7,0.4188034188034188,False
fedavg_a0.5_s2024,0.5,2024,10,0.45035890035890036,8,0.18181818181818177,False
fedavg_a0.5_s2024,0.5,2024,10,0.45035890035890036,9,0.4981684981684982,False
fedavg_a0.5_s2024,0.5,2024,15,0.5142561142561142,0,0.5347985347985348,False
fedavg_a0.5_s2024,0.5,2024,15,0.5142561142561142,1,0.18181818181818177,False
fedavg_a0.5_s2024,0.5,2024,15,0.5142561142561142,2,0.2323232323232323,False
fedavg_a0.5_s2024,0.5,2024,15,0.5142561142561142,3,0.4615384615384615,False
fedavg_a0.5_s2024,0.5,2024,15,0.5142561142561142,4,0.4188034188034188,False
fedavg_a0.5_s2024,0.5,2024,15,0.5142561142561142,5,0.37606837606837606,False
fedavg_a0.5_s2024,0.5,2024,15,0.5142561142561142,6,0.2828282828282828,False
fedavg_a0.5_s2024,0.5,2024,15,0.5142561142561142,7,0.2323232323232323,False
fedavg_a0.5_s2024,0.5,2024,15,0.5142561142561142,8,0.2323232323232323,False
fedavg_a0.5_s2024,0.5,2024,15,0.5142561142561142,9,0.5665445665445666,False
fedavg_a0.5_s2024,0.5,2024,20,0.5120663287329953,0,0.4188034188034188,False
fedavg_a0.5_s2024,0.5,2024,20,0.5120663287329953,1,0.3333333333333333,False
fedavg_a0.5_s2024,0.5,2024,20,0.5120663287329953,2,0.2828282828282828,False
fedavg_a0.5_s2024,0.5,2024,20,0.5120663287329953,3,0.3333333333333333,False
fedavg_a0.5_s2024,0.5,2024,20,0.5120663287329953,4,0.4188034188034188,False
fedavg_a0.5_s2024,0.5,2024,20,0.5120663287329953,5,0.4733044733044733,False
fedavg_a0.5_s2024,0.5,2024,20,0.5120663287329953,6,0.2828282828282828,False
fedavg_a0.5_s2024,0.5,2024,20,0.5120663287329953,7,0.4615384615384615,False
fedavg_a0.5_s2024,0.5,2024,20,0.5120663287329953,8,0.3333333333333333,False
fedavg_a0.5_s2024,0.5,2024,20,0.5120663287329953,9,0.4615384615384615,False
fedavg_a5.0_s42,5.0,42,5,0.6911902911902912,0,0.12121212121212117,False
fedavg_a5.0_s42,5.0,42,5,0.6911902911902912,1,0.18181818181818177,False
fedavg_a5.0_s42,5.0,42,5,0.6911902911902912,2,0.06060606060606059,False
fedavg_a5.0_s42,5.0,42,5,0.6911902911902912,3,0.4188034188034188,False
fedavg_a5.0_s42,5.0,42,5,0.6911902911902912,4,0.37606837606837606,False
fedavg_a5.0_s42,5.0,42,5,0.6911902911902912,5,0.2323232323232323,False
fedavg_a5.0_s42,5.0,42,5,0.6911902911902912,6,0.2323232323232323,False
fedavg_a5.0_s42,5.0,42,5,0.6911902911902912,7,0.12121212121212117,False
fedavg_a5.0_s42,5.0,42,5,0.6911902911902912,8,0.12121212121212117,False
fedavg_a5.0_s42,5.0,42,5,0.6911902911902912,9,0.12121212121212117,False
fedavg_a5.0_s42,5.0,42,10,0.6213144879811547,0,0.2828282828282828,False
fedavg_a5.0_s42,5.0,42,10,0.6213144879811547,1,0.2828282828282828,False
fedavg_a5.0_s42,5.0,42,10,0.6213144879811547,2,0.2323232323232323,False
fedavg_a5.0_s42,5.0,42,10,0.6213144879811547,3,0.3333333333333333,False
fedavg_a5.0_s42,5.0,42,10,0.6213144879811547,4,0.41269841269841273,False
fedavg_a5.0_s42,5.0,42,10,0.6213144879811547,5,0.4188034188034188,False
fedavg_a5.0_s42,5.0,42,10,0.6213144879811547,6,0.2323232323232323,False
fedavg_a5.0_s42,5.0,42,10,0.6213144879811547,7,0.18181818181818177,False
fedavg_a5.0_s42,5.0,42,10,0.6213144879811547,8,0.4615384615384615,False
fedavg_a5.0_s42,5.0,42,10,0.6213144879811547,9,0.2828282828282828,False
fedavg_a5.0_s42,5.0,42,15,0.6292472959139626,0,0.37606837606837606,False
fedavg_a5.0_s42,5.0,42,15,0.6292472959139626,1,0.4981684981684982,False
fedavg_a5.0_s42,5.0,42,15,0.6292472959139626,2,0.37606837606837606,False
fedavg_a5.0_s42,5.0,42,15,0.6292472959139626,3,0.4188034188034188,False
fedavg_a5.0_s42,5.0,42,15,0.6292472959139626,4,0.2323232323232323,False
fedavg_a5.0_s42,5.0,42,15,0.6292472959139626,5,0.32556332556332557,False
fedavg_a5.0_s42,5.0,42,15,0.6292472959139626,6,0.2828282828282828,False
fedavg_a5.0_s42,5.0,42,15,0.6292472959139626,7,0.2828282828282828,False
fedavg_a5.0_s42,5.0,42,15,0.6292472959139626,8,0.4615384615384615,False
fedavg_a5.0_s42,5.0,42,15,0.6292472959139626,9,0.2323232323232323,False
fedavg_a5.0_s42,5.0,42,20,0.6583539916873251,0,0.18181818181818177,False
fedavg_a5.0_s42,5.0,42,20,0.6583539916873251,1,0.32556332556332557,False
fedavg_a5.0_s42,5.0,42,20,0.6583539916873251,2,0.2323232323232323,False
fedavg_a5.0_s42,5.0,42,20,0.6583539916873251,3,0.3333333333333333,False
fedavg_a5.0_s42,5.0,42,20,0.6583539916873251,4,0.18181818181818177,False
fedavg_a5.0_s42,5.0,42,20,0.6583539916873251,5,0.2323232323232323,False
fedavg_a5.0_s42,5.0,42,20,0.6583539916873251,6,0.2323232323232323,False
fedavg_a5.0_s42,5.0,42,20,0.6583539916873251,7,0.12121212121212117,False
fedavg_a5.0_s42,5.0,42,20,0.6583539916873251,8,0.2828282828282828,False
fedavg_a5.0_s42,5.0,42,20,0.6583539916873251,9,0.2323232323232323,False
fedavg_a5.0_s1337,5.0,1337,5,0.7205165205165205,0,0.3333333333333333,False
fedavg_a5.0_s1337,5.0,1337,5,0.7205165205165205,1,0.06060606060606059,False
fedavg_a5.0_s1337,5.0,1337,5,0.7205165205165205,2,0.2323232323232323,False
fedavg_a5.0_s1337,5.0,1337,5,0.7205165205165205,3,0.3333333333333333,False
fedavg_a5.0_s1337,5.0,1337,5,0.7205165205165205,4,0.2828282828282828,False
fedavg_a5.0_s1337,5.0,1337,5,0.7205165205165205,5,0.2323232323232323,False
fedavg_a5.0_s1337,5.0,1337,5,0.7205165205165205,6,0.06060606060606059,False
fedavg_a5.0_s1337,5.0,1337,5,0.7205165205165205,7,0.0,False
fedavg_a5.0_s1337,5.0,1337,5,0.7205165205165205,8,0.18181818181818177,False
fedavg_a5.0_s1337,5.0,1337,5,0.7205165205165205,9,0.18181818181818177,False
fedavg_a5.0_s1337,5.0,1337,10,0.6993697660364327,0,0.12121212121212117,False
fedavg_a5.0_s1337,5.0,1337,10,0.6993697660364327,1,0.2323232323232323,False
fedavg_a5.0_s1337,5.0,1337,10,0.6993697660364327,2,0.2323232323232323,False
fedavg_a5.0_s1337,5.0,1337,10,0.6993697660364327,3,0.18181818181818177,False
fedavg_a5.0_s1337,5.0,1337,10,0.6993697660364327,4,0.3333333333333333,False
fedavg_a5.0_s1337,5.0,1337,10,0.6993697660364327,5,0.18181818181818177,False
fedavg_a5.0_s1337,5.0,1337,10,0.6993697660364327,6,0.12121212121212117,False
fedavg_a5.0_s1337,5.0,1337,10,0.6993697660364327,7,0.18181818181818177,False
fedavg_a5.0_s1337,5.0,1337,10,0.6993697660364327,8,0.2828282828282828,False
fedavg_a5.0_s1337,5.0,1337,10,0.6993697660364327,9,0.2323232323232323,False
fedavg_a5.0_s1337,5.0,1337,15,0.7476128809462143,0,0.18181818181818177,False
fedavg_a5.0_s1337,5.0,1337,15,0.7476128809462143,1,0.18181818181818177,False
fedavg_a5.0_s1337,5.0,1337,15,0.7476128809462143,2,0.2323232323232323,False
fedavg_a5.0_s1337,5.0,1337,15,0.7476128809462143,3,0.12121212121212117,False
fedavg_a5.0_s1337,5.0,1337,15,0.7476128809462143,4,0.2828282828282828,False
fedavg_a5.0_s1337,5.0,1337,15,0.7476128809462143,5,0.18181818181818177,False
fedavg_a5.0_s1337,5.0,1337,15,0.7476128809462143,6,0.12121212121212117,False
fedavg_a5.0_s1337,5.0,1337,15,0.7476128809462143,7,0.2828282828282828,False
fedavg_a5.0_s1337,5.0,1337,15,0.7476128809462143,8,0.2323232323232323,False
fedavg_a5.0_s1337,5.0,1337,15,0.7476128809462143,9,0.2828282828282828,False
fedavg_a5.0_s1337,5.0,1337,20,0.6687362020695357,0,0.12121212121212117,False
fedavg_a5.0_s1337,5.0,1337,20,0.6687362020695357,1,0.18181818181818177,False
fedavg_a5.0_s1337,5.0,1337,20,0.6687362020695357,2,0.3333333333333333,False
fedavg_a5.0_s1337,5.0,1337,20,0.6687362020695357,3,0.2828282828282828,False
fedavg_a5.0_s1337,5.0,1337,20,0.6687362020695357,4,0.2323232323232323,False
fedavg_a5.0_s1337,5.0,1337,20,0.6687362020695357,5,0.12121212121212117,False
fedavg_a5.0_s1337,5.0,1337,20,0.6687362020695357,6,0.12121212121212117,False
fedavg_a5.0_s1337,5.0,1337,20,0.6687362020695357,7,0.2828282828282828,False
fedavg_a5.0_s1337,5.0,1337,20,0.6687362020695357,8,0.4188034188034188,False
fedavg_a5.0_s1337,5.0,1337,20,0.6687362020695357,9,0.37606837606837606,False
fedavg_a5.0_s2024,5.0,2024,5,0.6274367607700941,0,0.2323232323232323,False
fedavg_a5.0_s2024,5.0,2024,5,0.6274367607700941,1,0.37606837606837606,False
fedavg_a5.0_s2024,5.0,2024,5,0.6274367607700941,2,0.12121212121212117,False
fedavg_a5.0_s2024,5.0,2024,5,0.6274367607700941,3,0.2828282828282828,False
fedavg_a5.0_s2024,5.0,2024,5,0.6274367607700941,4,0.32556332556332557,False
fedavg_a5.0_s2024,5.0,2024,5,0.6274367607700941,5,0.37606837606837606,False
fedavg_a5.0_s2024,5.0,2024,5,0.6274367607700941,6,0.2323232323232323,False
fedavg_a5.0_s2024,5.0,2024,5,0.6274367607700941,7,0.4981684981684982,False
fedavg_a5.0_s2024,5.0,2024,5,0.6274367607700941,8,0.4188034188034188,False
fedavg_a5.0_s2024,5.0,2024,5,0.6274367607700941,9,0.2828282828282828,False
fedavg_a5.0_s2024,5.0,2024,10,0.5995115995115995,0,0.41269841269841273,False
fedavg_a5.0_s2024,5.0,2024,10,0.5995115995115995,1,0.2828282828282828,False
fedavg_a5.0_s2024,5.0,2024,10,0.5995115995115995,2,0.32556332556332557,False
fedavg_a5.0_s2024,5.0,2024,10,0.5995115995115995,3,0.3333333333333333,False
fedavg_a5.0_s2024,5.0,2024,10,0.5995115995115995,4,0.22222222222222224,False
fedavg_a5.0_s2024,5.0,2024,10,0.5995115995115995,5,0.2828282828282828,False
fedavg_a5.0_s2024,5.0,2024,10,0.5995115995115995,6,0.40492840492840493,False
fedavg_a5.0_s2024,5.0,2024,10,0.5995115995115995,7,0.2828282828282828,False
fedavg_a5.0_s2024,5.0,2024,10,0.5995115995115995,8,0.37606837606837606,False
fedavg_a5.0_s2024,5.0,2024,10,0.5995115995115995,9,0.4554334554334554,False
fedavg_a5.0_s2024,5.0,2024,15,0.6303128969795637,0,0.2323232323232323,False
fedavg_a5.0_s2024,5.0,2024,15,0.6303128969795637,1,0.32556332556332557,False
fedavg_a5.0_s2024,5.0,2024,15,0.6303128969795637,2,0.2828282828282828,False
fedavg_a5.0_s2024,5.0,2024,15,0.6303128969795637,3,0.37606837606837606,False
fedavg_a5.0_s2024,5.0,2024,15,0.6303128969795637,4,0.2828282828282828,False
fedavg_a5.0_s2024,5.0,2024,15,0.6303128969795637,5,0.3333333333333333,False
fedavg_a5.0_s2024,5.0,2024,15,0.6303128969795637,6,0.32556332556332557,False
fedavg_a5.0_s2024,5.0,2024,15,0.6303128969795637,7,0.4188034188034188,False
fedavg_a5.0_s2024,5.0,2024,15,0.6303128969795637,8,0.37606837606837606,False
fedavg_a5.0_s2024,5.0,2024,15,0.6303128969795637,9,0.3333333333333333,False
fedavg_a5.0_s2024,5.0,2024,20,0.6265808265808266,0,0.18181818181818177,False
fedavg_a5.0_s2024,5.0,2024,20,0.6265808265808266,1,0.37606837606837606,False
fedavg_a5.0_s2024,5.0,2024,20,0.6265808265808266,2,0.37606837606837606,False
fedavg_a5.0_s2024,5.0,2024,20,0.6265808265808266,3,0.37606837606837606,False
fedavg_a5.0_s2024,5.0,2024,20,0.6265808265808266,4,0.12121212121212117,False
fedavg_a5.0_s2024,5.0,2024,20,0.6265808265808266,5,0.2323232323232323,False
fedavg_a5.0_s2024,5.0,2024,20,0.6265808265808266,6,0.1717171717171717,False
fedavg_a5.0_s2024,5.0,2024,20,0.6265808265808266,7,0.12121212121212117,False
fedavg_a5.0_s2024,5.0,2024,20,0.6265808265808266,8,0.2323232323232323,False
fedavg_a5.0_s2024,5.0,2024,20,0.6265808265808266,9,0.4981684981684982,False
