tag,alpha,seed,round,silo_id,jaccard_self_A_B,fleet_parity_A,fleet_parity_B,deviation_A,deviation_B,flagged_A,flagged_B
fedavg_a0.1_s1337,0.1,1337,5,0,0.8181818181818182,0.22481165205623405,0.2141695784626641,0.5714285714285714,0.6666666666666667,False,False
fedavg_a0.1_s1337,0.1,1337,5,1,0.8181818181818182,0.22481165205623405,0.2141695784626641,0.8235294117647058,0.8888888888888888,False,False
fedavg_a0.1_s1337,0.1,1337,5,2,0.8181818181818182,0.22481165205623405,0.2141695784626641,0.5714285714285714,0.5714285714285714,False,False
fedavg_a0.1_s1337,0.1,1337,5,3,0.8181818181818182,0.22481165205623405,0.2141695784626641,0.46153846153846156,0.5714285714285714,False,False
fedavg_a0.1_s1337,0.1,1337,5,4,0.6666666666666666,0.22481165205623405,0.2141695784626641,0.6666666666666667,0.8235294117647058,False,False
fedavg_a0.1_s1337,0.1,1337,5,5,0.8181818181818182,0.22481165205623405,0.2141695784626641,0.8235294117647058,0.8235294117647058,False,False
fedavg_a0.1_s1337,0.1,1337,5,6,0.8181818181818182,0.22481165205623405,0.2141695784626641,0.6666666666666667,0.75,False,False
fedavg_a0.1_s1337,0.1,1337,5,7,0.8181818181818182,0.22481165205623405,0.2141695784626641,0.6666666666666667,0.6666666666666667,False,False
fedavg_a0.1_s1337,0.1,1337,5,8,1.0,0.22481165205623405,0.2141695784626641,0.8888888888888888,0.8888888888888888,False,False
fedavg_a0.1_s1337,0.1,1337,5,9,0.8181818181818182,0.22481165205623405,0.2141695784626641,0.46153846153846156,0.6666666666666667,False,False
fedavg_a0.5_s1337,0.5,1337,5,0,0.6666666666666666,0.4192974055719154,0.473635297164709,0.33333333333333337,0.18181818181818177,False,False
fedavg_a0.5_s1337,0.5,1337,5,1,0.8181818181818182,0.4192974055719154,0.473635297164709,0.33333333333333337,0.33333333333333337,False,False
fedavg_a0.5_s1337,0.5,1337,5,2,0.8181818181818182,0.4192974055719154,0.473635297164709,0.6666666666666667,0.5714285714285714,False,False
fedavg_a0.5_s1337,0.5,1337,5,3,0.8181818181818182,0.4192974055719154,0.473635297164709,0.18181818181818177,0.33333333333333337,False,False
fedavg_a0.5_s1337,0.5,1337,5,4,1.0,0.4192974055719154,0.473635297164709,0.5714285714285714,0.5714285714285714,False,False
fedavg_a0.5_s1337,0.5,1337,5,5,1.0,0.4192974055719154,0.473635297164709,0.33333333333333337,0.33333333333333337,False,False
fedavg_a0.5_s1337,0.5,1337,5,6,0.8181818181818182,0.4192974055719154,0.473635297164709,0.18181818181818177,0.33333333333333337,False,False
fedavg_a0.5_s1337,0.5,1337,5,7,0.8181818181818182,0.4192974055719154,0.473635297164709,0.75,0.75,False,False
fedavg_a0.5_s1337,0.5,1337,5,8,1.0,0.4192974055719154,0.473635297164709,0.33333333333333337,0.33333333333333337,False,False
fedavg_a0.5_s1337,0.5,1337,5,9,0.6666666666666666,0.4192974055719154,0.473635297164709,0.46153846153846156,0.33333333333333337,False,False
fedavg_a5.0_s1337,5.0,1337,5,0,1.0,0.7136419136419134,0.6998630998630998,0.33333333333333337,0.33333333333333337,False,False
fedavg_a5.0_s1337,5.0,1337,5,1,1.0,0.7136419136419134,0.6998630998630998,0.0,0.0,False,False
fedavg_a5.0_s1337,5.0,1337,5,2,0.8181818181818182,0.7136419136419134,0.6998630998630998,0.33333333333333337,0.18181818181818177,False,False
fedavg_a5.0_s1337,5.0,1337,5,3,1.0,0.7136419136419134,0.6998630998630998,0.33333333333333337,0.33333333333333337,False,False
fedavg_a5.0_s1337,5.0,1337,5,4,0.8181818181818182,0.7136419136419134,0.6998630998630998,0.33333333333333337,0.33333333333333337,False,False
fedavg_a5.0_s1337,5.0,1337,5,5,0.8181818181818182,0.7136419136419134,0.6998630998630998,0.18181818181818177,0.33333333333333337,False,False
fedavg_a5.0_s1337,5.0,1337,5,6,0.8181818181818182,0.7136419136419134,0.6998630998630998,0.0,0.18181818181818177,False,False
fedavg_a5.0_s1337,5.0,1337,5,7,1.0,0.7136419136419134,0.6998630998630998,0.0,0.0,False,False
fedavg_a5.0_s1337,5.0,1337,5,8,1.0,0.7136419136419134,0.6998630998630998,0.18181818181818177,0.18181818181818177,False,False
fedavg_a5.0_s1337,5.0,1337,5,9,0.8181818181818182,0.7136419136419134,0.6998630998630998,0.18181818181818177,0.18181818181818177,False,False
