alpha,seed,silo,jaccard_at_5,jaccard_at_10,jaccard_at_20,kendall_weighted_tau,n_samples
0.1,42,0,0.05555555555555555,0.1437908496732026,0.2903225806451613,0.35282412473313746,6
0.1,42,1,0.25,0.3333333333333333,0.3118279569892473,0.41800451672567207,10
0.1,42,2,0.33928571428571425,0.4285714285714285,0.45502645502645495,0.6813710800538129,8
0.1,42,3,0.05555555555555555,0.11455108359133125,0.1942959001782531,0.4066431936497782,6
0.1,42,4,0.25,0.29166666666666663,0.3793103448275862,0.6244405683987072,12
0.1,42,5,0.33928571428571425,0.1764705882352941,0.3793103448275862,0.5074385598037631,8
0.1,42,6,0.25,0.2549019607843137,0.2903225806451613,0.20424967854982684,4
0.1,42,7,0.25,0.4358974358974359,0.48351648351648346,0.6798315771061811,6
0.1,42,8,0.5476190476190476,0.4358974358974359,0.5099715099715099,0.7197354486567529,4
0.1,1337,0,0.5476190476190476,0.5384615384615384,0.6666666666666666,0.8194239528015475,6
0.1,1337,1,0.18055555555555555,0.25,0.29166666666666663,0.5025960939989845,6
0.1,1337,2,0.25,0.25,0.3563218390804598,0.3644248167584,4
0.1,1337,3,0.4285714285714285,0.5384615384615384,0.5384615384615384,0.7080855325368791,10
0.1,1337,4,0.5476190476190476,0.5384615384615384,0.6,0.7602208549478937,10
0.1,1337,5,0.18055555555555555,0.21323529411764705,0.29166666666666663,0.5869082331610614,8
0.1,1337,6,0.1111111111111111,0.3333333333333333,0.3118279569892473,0.5411499868176985,10
0.1,1337,7,0.25,0.38095238095238093,0.4285714285714285,0.5998816868906793,8
0.1,1337,8,0.4285714285714285,0.48351648351648346,0.45502645502645495,0.4756757926688997,2
0.1,1337,9,0.25,0.3333333333333333,0.4814814814814814,0.6798078270087142,12
0.1,2024,0,0.25,0.25,0.3793103448275862,0.4781647888546293,8
0.1,2024,1,0.4285714285714285,0.5384615384615384,0.5099715099715099,0.7352782775490945,8
0.1,2024,2,0.1111111111111111,0.25,0.40394088669950734,0.534658622073682,10
0.1,2024,3,0.05555555555555555,0.1437908496732026,0.2512218963831867,0.3174272397071982,6
0.1,2024,4,0.25,0.3333333333333333,0.3563218390804598,0.5587532541439408,12
0.1,2024,5,0.1111111111111111,0.21323529411764705,0.3333333333333333,0.3984056720656136,8
0.1,2024,6,0.4285714285714285,0.5384615384615384,0.4814814814814814,0.8179063822334074,8
0.1,2024,7,0.4285714285714285,0.3333333333333333,0.4814814814814814,0.7099712048976714,10
0.1,2024,8,0.25,0.25,0.3563218390804598,0.4202562427162567,4
0.1,2024,9,0.25,0.38095238095238093,0.3563218390804598,0.6181847363877858,6
0.5,42,0,0.4285714285714285,0.5384615384615384,0.5384615384615384,0.6948862093340765,14
0.5,42,1,0.6666666666666666,0.6025641025641025,0.7028985507246377,0.8293862531221637,12
0.5,42,2,0.6666666666666666,0.5384615384615384,0.7391304347826086,0.8521232574672453,14
0.5,42,3,0.4285714285714285,0.3333333333333333,0.40394088669950734,0.6386869859150508,14
0.5,42,4,0.6666666666666666,0.6666666666666666,0.7028985507246377,0.8424802391736192,14
0.5,42,5,0.25,0.38095238095238093,0.4285714285714285,0.6391959036859737,12
0.5,42,6,0.4285714285714285,0.5384615384615384,0.6333333333333333,0.8240159312904026,12
0.5,42,7,0.4285714285714285,0.6666666666666666,0.6333333333333333,0.779787870866664,12
0.5,42,8,0.4285714285714285,0.48351648351648346,0.5384615384615384,0.723990331766414,12
0.5,42,9,0.6666666666666666,0.6666666666666666,0.6666666666666666,0.8538724827256533,14
0.5,1337,0,0.5476190476190476,0.5384615384615384,0.5692307692307692,0.750724468239821,14
0.5,1337,1,0.4285714285714285,0.5384615384615384,0.6,0.7903175765478789,12
0.5,1337,2,0.4285714285714285,0.48351648351648346,0.5099715099715099,0.7786855418478558,12
0.5,1337,3,0.6666666666666666,0.5384615384615384,0.6,0.8189387990555737,12
0.5,1337,4,0.25,0.29166666666666663,0.4285714285714285,0.5562240355170818,12
0.5,1337,5,0.5476190476190476,0.5384615384615384,0.5692307692307692,0.7847467654937814,14
0.5,1337,6,0.6666666666666666,0.5384615384615384,0.6,0.8081661298748781,14
0.5,1337,7,0.1111111111111111,0.29166666666666663,0.4285714285714285,0.5164608418981064,12
0.5,1337,8,0.5476190476190476,0.5384615384615384,0.6,0.8112256753642009,14
0.5,1337,9,0.4285714285714285,0.5384615384615384,0.6,0.7733929610562513,14
0.5,2024,0,0.4285714285714285,0.6025641025641025,0.6333333333333333,0.7390754012932409,10
0.5,2024,1,0.5476190476190476,0.6025641025641025,0.6,0.8062681255909735,14
0.5,2024,2,0.6666666666666666,0.6666666666666666,0.6,0.7913034338105678,14
0.5,2024,3,0.4285714285714285,0.5384615384615384,0.6,0.8022084197297126,14
0.5,2024,4,0.6666666666666666,0.6025641025641025,0.6,0.8114833836985651,12
0.5,2024,5,0.4285714285714285,0.6666666666666666,0.6333333333333333,0.7871702302868657,14
0.5,2024,6,0.6666666666666666,0.6666666666666666,0.6666666666666666,0.8205622841306642,14
0.5,2024,7,0.6666666666666666,0.6025641025641025,0.6333333333333333,0.8544729738971353,12
0.5,2024,8,0.6666666666666666,0.6025641025641025,0.6,0.8013291436611967,12
0.5,2024,9,0.6666666666666666,0.5384615384615384,0.5384615384615384,0.7621934742612203,12
5.0,42,0,0.6666666666666666,0.5384615384615384,0.5384615384615384,0.8214307195400505,14
5.0,42,1,0.6666666666666666,0.6666666666666666,0.7391304347826086,0.8635956668167007,14
5.0,42,2,0.6666666666666666,0.6666666666666666,0.6333333333333333,0.844431990361247,14
5.0,42,3,0.6666666666666666,0.6666666666666666,0.6666666666666666,0.8649832387365219,14
5.0,42,4,0.6666666666666666,0.6666666666666666,0.6666666666666666,0.8326872203280263,14
5.0,42,5,0.6666666666666666,0.6666666666666666,0.6666666666666666,0.8446854547522188,14
5.0,42,6,0.6666666666666666,0.6025641025641025,0.7028985507246377,0.8570443273949476,14
5.0,42,7,0.6666666666666666,0.6025641025641025,0.6,0.8537024541194593,14
5.0,42,8,0.5476190476190476,0.5384615384615384,0.6666666666666666,0.8300114414041362,14
5.0,42,9,0.6666666666666666,0.6666666666666666,0.6666666666666666,0.8619851059021195,14
5.0,1337,0,0.6666666666666666,0.6666666666666666,0.6333333333333333,0.8582610125745526,14
5.0,1337,1,0.6666666666666666,0.6666666666666666,0.6,0.8387714468949643,14
5.0,1337,2,0.6666666666666666,0.6666666666666666,0.6666666666666666,0.8415219703482176,14
5.0,1337,3,0.6666666666666666,0.6666666666666666,0.6666666666666666,0.8612473659075293,14
5.0,1337,4,0.6666666666666666,0.6666666666666666,0.6666666666666666,0.8508434958859618,14
5.0,1337,5,0.6666666666666666,0.6666666666666666,0.5692307692307692,0.8127979178924046,14
5.0,1337,6,0.6666666666666666,0.6666666666666666,0.6666666666666666,0.8448709350928433,14
5.0,1337,7,0.6666666666666666,0.6666666666666666,0.6,0.8591055247565527,14
5.0,1337,8,0.6666666666666666,0.5384615384615384,0.6,0.8200399346444412,14
5.0,1337,9,0.6666666666666666,0.6666666666666666,0.6,0.844314197769283,14
5.0,2024,0,0.6666666666666666,0.6666666666666666,0.7391304347826086,0.8479865034544013,14
5.0,2024,1,0.6666666666666666,0.6666666666666666,0.7028985507246377,0.8378808586001439,14
5.0,2024,2,0.6666666666666666,0.6666666666666666,0.7028985507246377,0.8489258184090106,14
5.0,2024,3,0.5476190476190476,0.6025641025641025,0.6666666666666666,0.84666617146948,14
5.0,2024,4,0.6666666666666666,0.6666666666666666,0.6666666666666666,0.8361851193819894,14
5.0,2024,5,0.6666666666666666,0.6666666666666666,0.7391304347826086,0.8444983448641932,14
5.0,2024,6,0.6666666666666666,0.6666666666666666,0.6333333333333333,0.8301799403851005,14
5.0,2024,7,0.6666666666666666,0.6025641025641025,0.6666666666666666,0.8546111627035451,14
5.0,2024,8,0.6666666666666666,0.6666666666666666,0.6666666666666666,0.8376193448280437,14
5.0,2024,9,0.6666666666666666,0.6025641025641025,0.6666666666666666,0.8226432824588954,14
