tag,alpha,seed,round,silo_id,jaccard_at_10,tau_w
fedavg_a0.1_s42,0.1,42,5,0,0.26715686274509803,0.24563161388313215
fedavg_a0.1_s42,0.1,42,5,1,0.24751339132144082,0.45756532504720243
fedavg_a0.1_s42,0.1,42,5,2,0.5453296703296703,0.7216918163339546
fedavg_a0.1_s42,0.1,42,5,3,0.14379084967320263,0.36385914522598045
fedavg_a0.1_s42,0.1,42,5,4,0.37965506715506714,0.5697177991496778
fedavg_a0.1_s42,0.1,42,5,5,0.3548961251167133,0.46902705783447
fedavg_a0.1_s42,0.1,42,5,6,0.19934640522875818,0.3200394016903431
fedavg_a0.1_s42,0.1,42,5,7,0.48423471952883707,0.7190438187813436
fedavg_a0.1_s42,0.1,42,5,8,0.4322344322344322,0.6833022138317948
fedavg_a0.1_s42,0.1,42,10,0,0.23210395269218798,0.2879074541944519
fedavg_a0.1_s42,0.1,42,10,1,0.2303221288515406,0.5042319844296819
fedavg_a0.1_s42,0.1,42,10,2,0.4441391941391941,0.681597712489945
fedavg_a0.1_s42,0.1,42,10,3,0.16693899782135077,0.44028553275440424
fedavg_a0.1_s42,0.1,42,10,4,0.3775497378438555,0.5581776773341337
fedavg_a0.1_s42,0.1,42,10,5,0.37904905551964374,0.5086833359835785
fedavg_a0.1_s42,0.1,42,10,6,0.23161764705882354,0.2872925457310857
fedavg_a0.1_s42,0.1,42,10,7,0.4835164835164835,0.7266402246312303
fedavg_a0.1_s42,0.1,42,10,8,0.4679487179487179,0.7099489481778347
fedavg_a0.1_s42,0.1,42,15,0,0.230119825708061,0.39315824891749845
fedavg_a0.1_s42,0.1,42,15,1,0.269613513421563,0.501398980169146
fedavg_a0.1_s42,0.1,42,15,2,0.4972527472527472,0.728544795577259
fedavg_a0.1_s42,0.1,42,15,3,0.1585540649008141,0.34475975209010956
fedavg_a0.1_s42,0.1,42,15,4,0.3404333955804544,0.5641095682831999
fedavg_a0.1_s42,0.1,42,15,5,0.3302853192559075,0.49352332330954984
fedavg_a0.1_s42,0.1,42,15,6,0.21772875816993464,0.1801767202914405
fedavg_a0.1_s42,0.1,42,15,7,0.3910884866767219,0.7024649050307251
fedavg_a0.1_s42,0.1,42,15,8,0.46078431372549017,0.7017890267727209
fedavg_a0.1_s42,0.1,42,20,0,0.15719240912739366,0.32470008133154665
fedavg_a0.1_s42,0.1,42,20,1,0.2860700960546162,0.47167951325593727
fedavg_a0.1_s42,0.1,42,20,2,0.41594618616677437,0.6633403517089747
fedavg_a0.1_s42,0.1,42,20,3,0.11455108359133126,0.3809549548224061
fedavg_a0.1_s42,0.1,42,20,4,0.3474571452512629,0.6007593212090471
fedavg_a0.1_s42,0.1,42,20,5,0.3210941427853192,0.46010524415861165
fedavg_a0.1_s42,0.1,42,20,6,0.28075396825396826,0.18729559842743398
fedavg_a0.1_s42,0.1,42,20,7,0.39891725921137683,0.6864261467834535
fedavg_a0.1_s42,0.1,42,20,8,0.5296370296370296,0.6657588058245753
fedavg_a0.1_s1337,0.1,1337,5,0,0.6056166056166056,0.8136000478162834
fedavg_a0.1_s1337,0.1,1337,5,1,0.2392418955886448,0.5104908669666016
fedavg_a0.1_s1337,0.1,1337,5,2,0.27871148459383754,0.29086736849848316
fedavg_a0.1_s1337,0.1,1337,5,3,0.4250646412411118,0.6315149571323816
fedavg_a0.1_s1337,0.1,1337,5,4,0.4797119547119547,0.623636522871747
fedavg_a0.1_s1337,0.1,1337,5,5,0.2246732026143791,0.22351791900876744
fedavg_a0.1_s1337,0.1,1337,5,6,0.2548265460030166,0.3956131121265445
fedavg_a0.1_s1337,0.1,1337,5,7,0.4069368131868132,0.6519910890496448
fedavg_a0.1_s1337,0.1,1337,5,8,0.42857142857142855,0.37287984163834464
fedavg_a0.1_s1337,0.1,1337,5,9,0.4542022519963697,0.5622117539292981
fedavg_a0.1_s1337,0.1,1337,10,0,0.66000666000666,0.7945665658788617
fedavg_a0.1_s1337,0.1,1337,10,1,0.2916666666666667,0.48640912893216665
fedavg_a0.1_s1337,0.1,1337,10,2,0.37584841628959276,0.43095894768017745
fedavg_a0.1_s1337,0.1,1337,10,3,0.446978021978022,0.6541124306695565
fedavg_a0.1_s1337,0.1,1337,10,4,0.5023956435721142,0.7434577375880153
fedavg_a0.1_s1337,0.1,1337,10,5,0.21078431372549017,0.5056375301669341
fedavg_a0.1_s1337,0.1,1337,10,6,0.23627450980392156,0.48006446963757565
fedavg_a0.1_s1337,0.1,1337,10,7,0.40132783882783885,0.5741715565911946
fedavg_a0.1_s1337,0.1,1337,10,8,0.42857142857142855,0.38496539804053814
fedavg_a0.1_s1337,0.1,1337,10,9,0.4058078359548947,0.6655686293105285
fedavg_a0.1_s1337,0.1,1337,15,0,0.5262515262515262,0.7818770780085211
fedavg_a0.1_s1337,0.1,1337,15,1,0.25626361655773416,0.5106467275935904
fedavg_a0.1_s1337,0.1,1337,15,2,0.23856209150326796,0.3086236132258298
fedavg_a0.1_s1337,0.1,1337,15,3,0.43422215039862094,0.6611804956536099
fedavg_a0.1_s1337,0.1,1337,15,4,0.5083480245244951,0.7633935774904421
fedavg_a0.1_s1337,0.1,1337,15,5,0.21788847117794485,0.5242540844381459
fedavg_a0.1_s1337,0.1,1337,15,6,0.2624649859943977,0.5440650540545799
fedavg_a0.1_s1337,0.1,1337,15,7,0.2720588235294118,0.5918431145018785
fedavg_a0.1_s1337,0.1,1337,15,8,0.42857142857142855,0.44779752310173626
fedavg_a0.1_s1337,0.1,1337,15,9,0.3994963369963371,0.6278166554101755
fedavg_a0.1_s1337,0.1,1337,20,0,0.5753135753135753,0.7852174196131013
fedavg_a0.1_s1337,0.1,1337,20,1,0.27412075941487707,0.46524275585807406
fedavg_a0.1_s1337,0.1,1337,20,2,0.27328431372549017,0.3820738979184908
fedavg_a0.1_s1337,0.1,1337,20,3,0.4561355311355311,0.6583528882770691
fedavg_a0.1_s1337,0.1,1337,20,4,0.5487096237096236,0.7541322890590028
fedavg_a0.1_s1337,0.1,1337,20,5,0.20000214998280014,0.47091107395825443
fedavg_a0.1_s1337,0.1,1337,20,6,0.253192559074912,0.5492113295907058
fedavg_a0.1_s1337,0.1,1337,20,7,0.38023190045248867,0.560019089128598
fedavg_a0.1_s1337,0.1,1337,20,8,0.42857142857142855,0.42355738924978625
fedavg_a0.1_s1337,0.1,1337,20,9,0.3968253968253968,0.6523395396352417
fedavg_a0.1_s2024,0.1,2024,5,0,0.30811651583710403,0.5168111629344918
fedavg_a0.1_s2024,0.1,2024,5,1,0.5304670819376702,0.7651228712094746
fedavg_a0.1_s2024,0.1,2024,5,2,0.3246444731738849,0.42341880946575766
fedavg_a0.1_s2024,0.1,2024,5,3,0.1050194931773879,0.16307081427909156
fedavg_a0.1_s2024,0.1,2024,5,4,0.36294560559266437,0.5366869619035357
fedavg_a0.1_s2024,0.1,2024,5,5,0.267827964519141,0.5060453713908959
fedavg_a0.1_s2024,0.1,2024,5,6,0.5352564102564102,0.7767284311083575
fedavg_a0.1_s2024,0.1,2024,5,7,0.4945471195471195,0.7430860363418504
fedavg_a0.1_s2024,0.1,2024,5,8,0.2762605042016807,0.543738039508532
fedavg_a0.1_s2024,0.1,2024,5,9,0.34350834350834347,0.5849963678402766
fedavg_a0.1_s2024,0.1,2024,10,0,0.3289498491704374,0.48553892954553557
fedavg_a0.1_s2024,0.1,2024,10,1,0.4602456367162249,0.7510811934929005
fedavg_a0.1_s2024,0.1,2024,10,2,0.27708855472013366,0.5313580305228129
fedavg_a0.1_s2024,0.1,2024,10,3,0.15719240912739366,0.24544673574038112
fedavg_a0.1_s2024,0.1,2024,10,4,0.34112020876726756,0.5141983810038463
fedavg_a0.1_s2024,0.1,2024,10,5,0.22589869281045752,0.4406039440046756
fedavg_a0.1_s2024,0.1,2024,10,6,0.4909569597069597,0.7840895749060602
fedavg_a0.1_s2024,0.1,2024,10,7,0.3789107950872657,0.6747699533514931
fedavg_a0.1_s2024,0.1,2024,10,8,0.19934640522875818,0.5036396894039521
fedavg_a0.1_s2024,0.1,2024,10,9,0.3294728147669324,0.5445023149934015
fedavg_a0.1_s2024,0.1,2024,15,0,0.2770191409897292,0.5061908692979892
fedavg_a0.1_s2024,0.1,2024,15,1,0.4979915917415917,0.7618922851999478
fedavg_a0.1_s2024,0.1,2024,15,2,0.2869460604754722,0.46402266287651067
fedavg_a0.1_s2024,0.1,2024,15,3,0.13540591675266597,0.25725273787114333
fedavg_a0.1_s2024,0.1,2024,15,4,0.33669407934113815,0.5243303382140853
fedavg_a0.1_s2024,0.1,2024,15,5,0.2242048135043491,0.3797794838454653
fedavg_a0.1_s2024,0.1,2024,15,6,0.5523643023643023,0.7756983359802292
fedavg_a0.1_s2024,0.1,2024,15,7,0.4043956043956044,0.6839329441995601
fedavg_a0.1_s2024,0.1,2024,15,8,0.18300653594771243,0.4261273060140621
fedavg_a0.1_s2024,0.1,2024,15,9,0.33893557422969184,0.5394473489985231
fedavg_a0.1_s2024,0.1,2024,20,0,0.23313338493292052,0.4266313254619661
fedavg_a0.1_s2024,0.1,2024,20,1,0.477353528824117,0.745134217641134
fedavg_a0.1_s2024,0.1,2024,20,2,0.3211376858435681,0.48686648572894936
fedavg_a0.1_s2024,0.1,2024,20,3,0.15890420495683655,0.2538529525577088
fedavg_a0.1_s2024,0.1,2024,20,4,0.3303631281572458,0.5072141986648648
fedavg_a0.1_s2024,0.1,2024,20,5,0.15674449604403165,0.3347693268973443
fedavg_a0.1_s2024,0.1,2024,20,6,0.49779142426201245,0.7698549589788186
fedavg_a0.1_s2024,0.1,2024,20,7,0.45672660672660664,0.7290029667255498
fedavg_a0.1_s2024,0.1,2024,20,8,0.2013888888888889,0.45633786425498996
fedavg_a0.1_s2024,0.1,2024,20,9,0.2582477435418612,0.4906794557488064
fedavg_a0.5_s42,0.5,42,5,0,0.5663859949574236,0.785069248384619
fedavg_a0.5_s42,0.5,42,5,1,0.5924075924075924,0.8038220925262686
fedavg_a0.5_s42,0.5,42,5,2,0.6905951191665477,0.8453952308775227
fedavg_a0.5_s42,0.5,42,5,3,0.4187816152101866,0.6581077797771597
fedavg_a0.5_s42,0.5,42,5,4,0.6376480662194947,0.8157828355560289
fedavg_a0.5_s42,0.5,42,5,5,0.46727414742120627,0.6264381033067525
fedavg_a0.5_s42,0.5,42,5,6,0.6355588855588856,0.8165659798665396
fedavg_a0.5_s42,0.5,42,5,7,0.565934065934066,0.7652216213823896
fedavg_a0.5_s42,0.5,42,5,8,0.522470584970585,0.7576288942396013
fedavg_a0.5_s42,0.5,42,5,9,0.6255173398030541,0.7984872190961855
fedavg_a0.5_s42,0.5,42,10,0,0.5811034203891347,0.7537700095912715
fedavg_a0.5_s42,0.5,42,10,1,0.6061091686091686,0.8150565795999603
fedavg_a0.5_s42,0.5,42,10,2,0.6380048522905666,0.8380570475765613
fedavg_a0.5_s42,0.5,42,10,3,0.37768440709617185,0.625369164429377
fedavg_a0.5_s42,0.5,42,10,4,0.6046810332524618,0.7969303852339553
fedavg_a0.5_s42,0.5,42,10,5,0.4159035409035409,0.6139341531135969
fedavg_a0.5_s42,0.5,42,10,6,0.5351037851037851,0.7891920835568085
fedavg_a0.5_s42,0.5,42,10,7,0.5415140415140415,0.789494553400484
fedavg_a0.5_s42,0.5,42,10,8,0.5576853701853702,0.7432209957856305
fedavg_a0.5_s42,0.5,42,10,9,0.6386946386946386,0.8068880375646431
fedavg_a0.5_s42,0.5,42,15,0,0.4760893868036725,0.7012667352667687
fedavg_a0.5_s42,0.5,42,15,1,0.5842490842490843,0.8034036303354211
fedavg_a0.5_s42,0.5,42,15,2,0.636339850625565,0.8026429065467339
fedavg_a0.5_s42,0.5,42,15,3,0.35250918549237875,0.6088335671965214
fedavg_a0.5_s42,0.5,42,15,4,0.665477379763094,0.8124380803598445
fedavg_a0.5_s42,0.5,42,15,5,0.3669871794871795,0.6016958137361709
fedavg_a0.5_s42,0.5,42,15,6,0.5683760683760685,0.7999695375608558
fedavg_a0.5_s42,0.5,42,15,7,0.5782550782550783,0.7869340095184024
fedavg_a0.5_s42,0.5,42,15,8,0.50740231990232,0.7155745925366324
fedavg_a0.5_s42,0.5,42,15,9,0.5552066980638409,0.807214212478863
fedavg_a0.5_s42,0.5,42,20,0,0.4587257980115123,0.6726675029442638
fedavg_a0.5_s42,0.5,42,20,1,0.607975357975358,0.8051024266885031
fedavg_a0.5_s42,0.5,42,20,2,0.563412777698492,0.7814600151959353
fedavg_a0.5_s42,0.5,42,20,3,0.3809985532674608,0.6010294145847708
fedavg_a0.5_s42,0.5,42,20,4,0.622306265163408,0.8275009398733335
fedavg_a0.5_s42,0.5,42,20,5,0.3794261294261294,0.593257881805787
fedavg_a0.5_s42,0.5,42,20,6,0.506105006105006,0.7881742318922867
fedavg_a0.5_s42,0.5,42,20,7,0.631091131091131,0.7625078079028275
fedavg_a0.5_s42,0.5,42,20,8,0.5296370296370297,0.716227387466933
fedavg_a0.5_s42,0.5,42,20,9,0.5885305171019457,0.840754400097733
fedavg_a0.5_s1337,0.5,1337,5,0,0.6193330479044764,0.8114015431459501
fedavg_a0.5_s1337,0.5,1337,5,1,0.5172813297813298,0.7720285251808819
fedavg_a0.5_s1337,0.5,1337,5,2,0.5889388389388389,0.7459645565811149
fedavg_a0.5_s1337,0.5,1337,5,3,0.619456931956932,0.7528895648479379
fedavg_a0.5_s1337,0.5,1337,5,4,0.373527616174675,0.6421736403913828
fedavg_a0.5_s1337,0.5,1337,5,5,0.6472277722277723,0.800400501522808
fedavg_a0.5_s1337,0.5,1337,5,6,0.5968317396888826,0.8160665357939222
fedavg_a0.5_s1337,0.5,1337,5,7,0.3802969905911082,0.5580964722797161
fedavg_a0.5_s1337,0.5,1337,5,8,0.5779696493982208,0.8061935823579695
fedavg_a0.5_s1337,0.5,1337,5,9,0.5477141905713334,0.747481925236914
fedavg_a0.5_s1337,0.5,1337,10,0,0.5728319299747872,0.7890842808654644
fedavg_a0.5_s1337,0.5,1337,10,1,0.5718448218448219,0.7804420977647691
fedavg_a0.5_s1337,0.5,1337,10,2,0.5061050061050061,0.7567243139569846
fedavg_a0.5_s1337,0.5,1337,10,3,0.587939837939838,0.8040902545950891
fedavg_a0.5_s1337,0.5,1337,10,4,0.3238795518207283,0.5756069580245563
fedavg_a0.5_s1337,0.5,1337,10,5,0.6108653251510395,0.7705363415679801
fedavg_a0.5_s1337,0.5,1337,10,6,0.583654440797298,0.8120212670319102
fedavg_a0.5_s1337,0.5,1337,10,7,0.3482681534152123,0.48910974909883703
fedavg_a0.5_s1337,0.5,1337,10,8,0.5330621759193187,0.7809412012100665
fedavg_a0.5_s1337,0.5,1337,10,9,0.47972265829408683,0.7465496925589157
fedavg_a0.5_s1337,0.5,1337,15,0,0.6284905570619855,0.797222335609139
fedavg_a0.5_s1337,0.5,1337,15,1,0.5522741147741148,0.7902572713771115
fedavg_a0.5_s1337,0.5,1337,15,2,0.5061050061050062,0.7237236828329724
fedavg_a0.5_s1337,0.5,1337,15,3,0.5976800976800978,0.8133696900453793
fedavg_a0.5_s1337,0.5,1337,15,4,0.3487607164077753,0.5933761269776158
fedavg_a0.5_s1337,0.5,1337,15,5,0.5568716997288427,0.7814778131583381
fedavg_a0.5_s1337,0.5,1337,15,6,0.5898387326958756,0.8199969989932269
fedavg_a0.5_s1337,0.5,1337,15,7,0.34745115995116,0.5219737941281434
fedavg_a0.5_s1337,0.5,1337,15,8,0.5660292088863518,0.8062563411421356
fedavg_a0.5_s1337,0.5,1337,15,9,0.5139622282479426,0.7729713733303812
fedavg_a0.5_s1337,0.5,1337,20,0,0.605537319823034,0.7857064611944932
fedavg_a0.5_s1337,0.5,1337,20,1,0.577034077034077,0.7648914408845996
fedavg_a0.5_s1337,0.5,1337,20,2,0.5172813297813298,0.6882637395967007
fedavg_a0.5_s1337,0.5,1337,20,3,0.64002664002664,0.8043000105917836
fedavg_a0.5_s1337,0.5,1337,20,4,0.34888164667576427,0.5167150308228737
fedavg_a0.5_s1337,0.5,1337,20,5,0.5657675657675657,0.749832698346079
fedavg_a0.5_s1337,0.5,1337,20,6,0.5538191966763395,0.7513721392197322
fedavg_a0.5_s1337,0.5,1337,20,7,0.3409197012138188,0.5255201557105075
fedavg_a0.5_s1337,0.5,1337,20,8,0.5798249369677941,0.7833676394498479
fedavg_a0.5_s1337,0.5,1337,20,9,0.47744377471268235,0.7587222092477202
fedavg_a0.5_s2024,0.5,2024,5,0,0.5692307692307692,0.8005139909365304
fedavg_a0.5_s2024,0.5,2024,5,1,0.5447409733124019,0.7923535509743184
fedavg_a0.5_s2024,0.5,2024,5,2,0.6068455354169641,0.8112789530458192
fedavg_a0.5_s2024,0.5,2024,5,3,0.5375101089386803,0.8071254214213164
fedavg_a0.5_s2024,0.5,2024,5,4,0.5877178377178377,0.8259106696785009
fedavg_a0.5_s2024,0.5,2024,5,5,0.5423861852433282,0.7959160362655074
fedavg_a0.5_s2024,0.5,2024,5,6,0.5214547357404501,0.7744085439869849
fedavg_a0.5_s2024,0.5,2024,5,7,0.5827228327228328,0.844926104316072
fedavg_a0.5_s2024,0.5,2024,5,8,0.5678765678765679,0.7727140422105042
fedavg_a0.5_s2024,0.5,2024,5,9,0.5477300477300477,0.7466224005745886
fedavg_a0.5_s2024,0.5,2024,10,0,0.5418914418914419,0.7904214068063979
fedavg_a0.5_s2024,0.5,2024,10,1,0.5490224061652633,0.7824956987388157
fedavg_a0.5_s2024,0.5,2024,10,2,0.5768517197088626,0.8003366132291418
fedavg_a0.5_s2024,0.5,2024,10,3,0.5936206650492365,0.7912527840017859
fedavg_a0.5_s2024,0.5,2024,10,4,0.6095016095016096,0.811508982682107
fedavg_a0.5_s2024,0.5,2024,10,5,0.5765900765900767,0.7996510418042503
fedavg_a0.5_s2024,0.5,2024,10,6,0.5137005851291565,0.7807495756617572
fedavg_a0.5_s2024,0.5,2024,10,7,0.612970362970363,0.8140106166834656
fedavg_a0.5_s2024,0.5,2024,10,8,0.5542513042513043,0.7943684531450854
fedavg_a0.5_s2024,0.5,2024,10,9,0.5286935286935287,0.7462198529554162
fedavg_a0.5_s2024,0.5,2024,15,0,0.6085581085581085,0.7576474256761135
fedavg_a0.5_s2024,0.5,2024,15,1,0.5793730079444366,0.7915273707635891
fedavg_a0.5_s2024,0.5,2024,15,2,0.6101755387469673,0.8029042433149629
fedavg_a0.5_s2024,0.5,2024,15,3,0.5715237143808574,0.77980378109085
fedavg_a0.5_s2024,0.5,2024,15,4,0.6385003885003885,0.8208102058058483
fedavg_a0.5_s2024,0.5,2024,15,5,0.6130298273155416,0.789640510336767
fedavg_a0.5_s2024,0.5,2024,15,6,0.5901955187669473,0.8052785432099838
fedavg_a0.5_s2024,0.5,2024,15,7,0.6472416472416472,0.827926077376627
fedavg_a0.5_s2024,0.5,2024,15,8,0.571040071040071,0.790510386018866
fedavg_a0.5_s2024,0.5,2024,15,9,0.5083527583527583,0.7453626373951772
fedavg_a0.5_s2024,0.5,2024,20,0,0.5305361305361305,0.7593335018452931
fedavg_a0.5_s2024,0.5,2024,20,1,0.5349888207031065,0.7777902007847077
fedavg_a0.5_s2024,0.5,2024,20,2,0.5558251272536987,0.7787223749550541
fedavg_a0.5_s2024,0.5,2024,20,3,0.49738356881214024,0.7630486364032235
fedavg_a0.5_s2024,0.5,2024,20,4,0.5953490953490954,0.7929518860311277
fedavg_a0.5_s2024,0.5,2024,20,5,0.5313971742543171,0.7571336401214367
fedavg_a0.5_s2024,0.5,2024,20,6,0.5623662052233481,0.7893556790615859
fedavg_a0.5_s2024,0.5,2024,20,7,0.5984015984015983,0.8144596368586567
fedavg_a0.5_s2024,0.5,2024,20,8,0.5648240648240649,0.7865608347160351
fedavg_a0.5_s2024,0.5,2024,20,9,0.4902319902319902,0.722843235791346
fedavg_a5.0_s42,5.0,42,5,0,0.7130964273821416,0.814714940978433
fedavg_a5.0_s42,5.0,42,5,1,0.6979449122306265,0.8474919850211065
fedavg_a5.0_s42,5.0,42,5,2,0.6709718852575997,0.8381472780137242
fedavg_a5.0_s42,5.0,42,5,3,0.5989962418533847,0.8070190243623043
fedavg_a5.0_s42,5.0,42,5,4,0.6608391608391608,0.8109850665274108
fedavg_a5.0_s42,5.0,42,5,5,0.6454973597830741,0.8200851103597969
fedavg_a5.0_s42,5.0,42,5,6,0.6701155986870272,0.8162317161924688
fedavg_a5.0_s42,5.0,42,5,7,0.6608391608391608,0.8037872710221023
fedavg_a5.0_s42,5.0,42,5,8,0.6501355787070073,0.8378891104625646
fedavg_a5.0_s42,5.0,42,5,9,0.6641691641691642,0.8579353082290481
fedavg_a5.0_s42,5.0,42,10,0,0.6238523381380524,0.8236620907901326
fedavg_a5.0_s42,5.0,42,10,1,0.6438323581180725,0.8396693736321869
fedavg_a5.0_s42,5.0,42,10,2,0.6093906093906094,0.8382307131760848
fedavg_a5.0_s42,5.0,42,10,3,0.5963798106655249,0.8394053118101734
fedavg_a5.0_s42,5.0,42,10,4,0.6509918652775796,0.8209612827403557
fedavg_a5.0_s42,5.0,42,10,5,0.6000428143285286,0.809790822029191
fedavg_a5.0_s42,5.0,42,10,6,0.6441891441891442,0.8250528001169399
fedavg_a5.0_s42,5.0,42,10,7,0.653798582370011,0.8018316516120786
fedavg_a5.0_s42,5.0,42,10,8,0.6030160315874602,0.8255290724726362
fedavg_a5.0_s42,5.0,42,10,9,0.6463060748775035,0.8526730058022849
fedavg_a5.0_s42,5.0,42,15,0,0.6295371295371296,0.8259881648961311
fedavg_a5.0_s42,5.0,42,15,1,0.6123400409114695,0.8323423103456858
fedavg_a5.0_s42,5.0,42,15,2,0.6363398506255649,0.8403315239614944
fedavg_a5.0_s42,5.0,42,15,3,0.6425241425241426,0.8431849452888069
fedavg_a5.0_s42,5.0,42,15,4,0.6654773797630941,0.7983509710493685
fedavg_a5.0_s42,5.0,42,15,5,0.7024642024642025,0.8473624108229989
fedavg_a5.0_s42,5.0,42,15,6,0.6317016317016317,0.84048330084008
fedavg_a5.0_s42,5.0,42,15,7,0.5497121925693355,0.7886769444686914
fedavg_a5.0_s42,5.0,42,15,8,0.6537985823700109,0.8174121140238604
fedavg_a5.0_s42,5.0,42,15,9,0.6671423814280956,0.8544611757451606
fedavg_a5.0_s42,5.0,42,20,0,0.6133866133866134,0.8189410933630901
fedavg_a5.0_s42,5.0,42,20,1,0.6676418819275962,0.8361733757327897
fedavg_a5.0_s42,5.0,42,20,2,0.638504352790067,0.8341599756954673
fedavg_a5.0_s42,5.0,42,20,3,0.6859569002426146,0.8466654940249894
fedavg_a5.0_s42,5.0,42,20,4,0.6108653251510395,0.8116623166846301
fedavg_a5.0_s42,5.0,42,20,5,0.6684505970220257,0.8426257951396746
fedavg_a5.0_s42,5.0,42,20,6,0.6774178202749631,0.8243848344055019
fedavg_a5.0_s42,5.0,42,20,7,0.60579896294182,0.8190192888295068
fedavg_a5.0_s42,5.0,42,20,8,0.6346748489605633,0.8464379617282642
fedavg_a5.0_s42,5.0,42,20,9,0.6563198706055848,0.8579112303835288
fedavg_a5.0_s1337,5.0,1337,5,0,0.6579848722705866,0.8451327681251463
fedavg_a5.0_s1337,5.0,1337,5,1,0.6614575900290186,0.8539360750830289
fedavg_a5.0_s1337,5.0,1337,5,2,0.635031635031635,0.8215633082916242
fedavg_a5.0_s1337,5.0,1337,5,3,0.6639788782645926,0.8307632223182947
fedavg_a5.0_s1337,5.0,1337,5,4,0.5447409733124019,0.8386320409358209
fedavg_a5.0_s1337,5.0,1337,5,5,0.6579848722705864,0.8431904269791077
fedavg_a5.0_s1337,5.0,1337,5,6,0.6454973597830741,0.8492090939846947
fedavg_a5.0_s1337,5.0,1337,5,7,0.6289900575614861,0.844700443372879
fedavg_a5.0_s1337,5.0,1337,5,8,0.6693068835925979,0.8457760581556342
fedavg_a5.0_s1337,5.0,1337,5,9,0.5430997573854718,0.8014107992299996
fedavg_a5.0_s1337,5.0,1337,10,0,0.6206412634984063,0.807218074027254
fedavg_a5.0_s1337,5.0,1337,10,1,0.6576280861995147,0.8347591813796714
fedavg_a5.0_s1337,5.0,1337,10,2,0.6641691641691642,0.8244847782286098
fedavg_a5.0_s1337,5.0,1337,10,3,0.6584843727700871,0.8294638368633216
fedavg_a5.0_s1337,5.0,1337,10,4,0.586865515436944,0.799913979058706
fedavg_a5.0_s1337,5.0,1337,10,5,0.6909519052376195,0.8217130125465356
fedavg_a5.0_s1337,5.0,1337,10,6,0.6484705770420057,0.8461977066692317
fedavg_a5.0_s1337,5.0,1337,10,7,0.6345499738356881,0.8267110124399873
fedavg_a5.0_s1337,5.0,1337,10,8,0.6479235050663623,0.8365447003787896
fedavg_a5.0_s1337,5.0,1337,10,9,0.6246610532324818,0.817515433557361
fedavg_a5.0_s1337,5.0,1337,15,0,0.6376480662194949,0.8223229836439596
fedavg_a5.0_s1337,5.0,1337,15,1,0.6523000808715095,0.8231639068522529
fedavg_a5.0_s1337,5.0,1337,15,2,0.6762998905856048,0.8124749572332236
fedavg_a5.0_s1337,5.0,1337,15,3,0.7145949288806432,0.8421577743081234
fedavg_a5.0_s1337,5.0,1337,15,4,0.6125303268160411,0.8160375638331308
fedavg_a5.0_s1337,5.0,1337,15,5,0.646805575377004,0.82290688166217
fedavg_a5.0_s1337,5.0,1337,15,6,0.6471623614480758,0.8256977989320861
fedavg_a5.0_s1337,5.0,1337,15,7,0.6658341658341659,0.8392477005419227
fedavg_a5.0_s1337,5.0,1337,15,8,0.6931164074021217,0.8265791628047159
fedavg_a5.0_s1337,5.0,1337,15,9,0.6533466533466533,0.8011391787312626
fedavg_a5.0_s1337,5.0,1337,20,0,0.5785167213738642,0.8379456961290984
fedavg_a5.0_s1337,5.0,1337,20,1,0.622306265163408,0.8313607338311907
fedavg_a5.0_s1337,5.0,1337,20,2,0.636339850625565,0.8119701706369434
fedavg_a5.0_s1337,5.0,1337,20,3,0.6284905570619855,0.8160340931106639
fedavg_a5.0_s1337,5.0,1337,20,4,0.6284905570619855,0.8211307114456439
fedavg_a5.0_s1337,5.0,1337,20,5,0.6284905570619858,0.8314505694849601
fedavg_a5.0_s1337,5.0,1337,20,6,0.739879168450597,0.8572143340390472
fedavg_a5.0_s1337,5.0,1337,20,7,0.6481137909709338,0.837337194524984
fedavg_a5.0_s1337,5.0,1337,20,8,0.6312021312021313,0.8188235014035026
fedavg_a5.0_s1337,5.0,1337,20,9,0.6301555587269874,0.805280784685322
fedavg_a5.0_s2024,5.0,2024,5,0,0.6879786879786881,0.842721625919203
fedavg_a5.0_s2024,5.0,2024,5,1,0.5928119499548072,0.8167349372751838
fedavg_a5.0_s2024,5.0,2024,5,2,0.6068455354169641,0.8336553664783646
fedavg_a5.0_s2024,5.0,2024,5,3,0.6136482565053993,0.8318991300078142
fedavg_a5.0_s2024,5.0,2024,5,4,0.6346748489605634,0.8277663709804726
fedavg_a5.0_s2024,5.0,2024,5,5,0.6916416916416915,0.841127443559507
fedavg_a5.0_s2024,5.0,2024,5,6,0.6454973597830741,0.820683554842722
fedavg_a5.0_s2024,5.0,2024,5,7,0.5368916797488226,0.8082609800919999
fedavg_a5.0_s2024,5.0,2024,5,8,0.5960230245944532,0.8054813738922612
fedavg_a5.0_s2024,5.0,2024,5,9,0.6523000808715093,0.8372280192771927
fedavg_a5.0_s2024,5.0,2024,10,0,0.69145140573712,0.8283047108960881
fedavg_a5.0_s2024,5.0,2024,10,1,0.6471623614480758,0.838734326247586
fedavg_a5.0_s2024,5.0,2024,10,2,0.6733266733266733,0.8271134282487619
fedavg_a5.0_s2024,5.0,2024,10,3,0.71143142571714,0.8492013736530247
fedavg_a5.0_s2024,5.0,2024,10,4,0.6788211788211787,0.8460258168042517
fedavg_a5.0_s2024,5.0,2024,10,5,0.6641691641691642,0.8451801086923522
fedavg_a5.0_s2024,5.0,2024,10,6,0.6238523381380524,0.8409179673290785
fedavg_a5.0_s2024,5.0,2024,10,7,0.6216878359735503,0.7987267834401129
fedavg_a5.0_s2024,5.0,2024,10,8,0.6300366300366301,0.8042279319768489
fedavg_a5.0_s2024,5.0,2024,10,9,0.5912420912420913,0.8445639022824655
fedavg_a5.0_s2024,5.0,2024,15,0,0.6176680462394748,0.813849254211274
fedavg_a5.0_s2024,5.0,2024,15,1,0.6238523381380524,0.8228405090148628
fedavg_a5.0_s2024,5.0,2024,15,2,0.6268255553969839,0.8201854636821059
fedavg_a5.0_s2024,5.0,2024,15,3,0.6792731078445364,0.8206785527546961
fedavg_a5.0_s2024,5.0,2024,15,4,0.6193330479044764,0.8109069823315781
fedavg_a5.0_s2024,5.0,2024,15,5,0.6123400409114695,0.8264302084498983
fedavg_a5.0_s2024,5.0,2024,15,6,0.5830360116074402,0.7996726533675179
fedavg_a5.0_s2024,5.0,2024,15,7,0.6344369915798487,0.8058813968366179
fedavg_a5.0_s2024,5.0,2024,15,8,0.6330098472955614,0.8017888138982289
fedavg_a5.0_s2024,5.0,2024,15,9,0.6501355787070072,0.8063332714184516
fedavg_a5.0_s2024,5.0,2024,20,0,0.6141953284810429,0.8333605887823232
fedavg_a5.0_s2024,5.0,2024,20,1,0.7062937062937061,0.8317622413657688
fedavg_a5.0_s2024,5.0,2024,20,2,0.6916416916416915,0.8446874868870209
fedavg_a5.0_s2024,5.0,2024,20,3,0.6716616716616717,0.8438707672541099
fedavg_a5.0_s2024,5.0,2024,20,4,0.5901955187669473,0.8131470949465766
fedavg_a5.0_s2024,5.0,2024,20,5,0.6336282764854194,0.8345078574797433
fedavg_a5.0_s2024,5.0,2024,20,6,0.6533466533466534,0.8233864152771597
fedavg_a5.0_s2024,5.0,2024,20,7,0.6341753484610627,0.8279890935502718
fedavg_a5.0_s2024,5.0,2024,20,8,0.6461871461871461,0.8245562373115557
fedavg_a5.0_s2024,5.0,2024,20,9,0.6506350792065078,0.8281734763049823
