silo,Benign,Bot,BruteForce,DDoS,DoS,Heartbleed,Infiltration,PortScan,WebAttack,TOTAL,NON_BENIGN
0,401889,251,122,8725,4427,0,0,5270,428,421112,19223
1,26355,853,401,5682,11538,0,20,350,3,45202,18847
2,7665,389,0,881,5877,1,10,11574,135,26532,18867
3,82481,57,1763,19299,20148,1,8,8478,11,132246,49765
4,0,35,943,3407,12002,2,0,515,148,17052,17052
5,27584,320,240,1996,5739,0,1,23558,405,59843,32259
6,41949,101,222,18807,347,0,0,28261,100,89787,47838
7,2349,318,19,5005,54105,1,0,1098,84,62979,60630
8,120492,117,68,60,5322,1,5,8797,28,134890,14398
9,261843,733,928,360,301,1,1,37757,46,301970,40127
