alpha,seed,silo,jaccard_at_10,kendall_weighted_tau,total_size
0.1,42,0,0.1437908496732026,0.3528241247331374,165471
0.1,42,1,0.3333333333333333,0.418004516725672,2255
0.1,42,2,0.4285714285714285,0.6813710800538129,636676
0.1,42,3,0.1145510835913312,0.4066431936497782,3206
0.1,42,4,0.2916666666666666,0.6244405683987072,7431
0.1,42,5,0.1764705882352941,0.5074385598037631,42077
0.1,42,6,0.2549019607843137,0.2042496785498268,37491
0.1,42,7,0.4358974358974359,0.6798315771061811,98394
0.1,42,8,0.4358974358974359,0.7197354486567529,441982
0.1,1337,0,0.5384615384615384,0.8194239528015475,1067059
0.1,1337,1,0.25,0.5025960939989845,2783
0.1,1337,2,0.25,0.3644248167584,2700
0.1,1337,3,0.5384615384615384,0.7080855325368791,7882
0.1,1337,4,0.5384615384615384,0.7602208549478937,16633
0.1,1337,5,0.213235294117647,0.5869082331610614,25753
0.1,1337,6,0.3333333333333333,0.5411499868176985,97261
0.1,1337,7,0.3809523809523809,0.5998816868906793,16606
0.1,1337,8,0.4835164835164834,0.4756757926688997,836
0.1,1337,9,0.3333333333333333,0.6798078270087142,197613
0.1,2024,0,0.25,0.4781647888546293,45875
0.1,2024,1,0.5384615384615384,0.7352782775490945,41999
0.1,2024,2,0.25,0.534658622073682,48284
0.1,2024,3,0.1437908496732026,0.3174272397071982,88802
0.1,2024,4,0.3333333333333333,0.5587532541439408,73359
0.1,2024,5,0.213235294117647,0.3984056720656136,9092
0.1,2024,6,0.5384615384615384,0.8179063822334074,1039415
0.1,2024,7,0.3333333333333333,0.7099712048976714,34820
0.1,2024,8,0.25,0.4202562427162567,1047
0.1,2024,9,0.3809523809523809,0.6181847363877858,52433
0.5,42,0,0.5384615384615384,0.6948862093340765,97946
0.5,42,1,0.6025641025641025,0.8293862531221637,48120
0.5,42,2,0.5384615384615384,0.8521232574672453,434099
0.5,42,3,0.3333333333333333,0.6386869859150508,43187
0.5,42,4,0.6666666666666666,0.8424802391736192,58832
0.5,42,5,0.3809523809523809,0.6391959036859737,23887
0.5,42,6,0.5384615384615384,0.8240159312904026,141524
0.5,42,7,0.6666666666666666,0.779787870866664,330232
0.5,42,8,0.4835164835164834,0.723990331766414,91779
0.5,42,9,0.6666666666666666,0.8538724827256533,165520
0.5,1337,0,0.5384615384615384,0.750724468239821,467487
0.5,1337,1,0.5384615384615384,0.7903175765478789,50226
0.5,1337,2,0.4835164835164834,0.7786855418478558,29431
0.5,1337,3,0.5384615384615384,0.8189387990555737,147017
0.5,1337,4,0.2916666666666666,0.5562240355170818,18903
0.5,1337,5,0.5384615384615384,0.7847467654937814,66585
0.5,1337,6,0.5384615384615384,0.8081661298748781,99738
0.5,1337,7,0.2916666666666666,0.5164608418981064,70015
0.5,1337,8,0.5384615384615384,0.8112256753642009,149955
0.5,1337,9,0.5384615384615384,0.7733929610562513,335769
0.5,2024,0,0.6025641025641025,0.7390754012932409,149967
0.5,2024,1,0.6025641025641025,0.8062681255909735,172505
0.5,2024,2,0.6666666666666666,0.7913034338105678,129215
0.5,2024,3,0.5384615384615384,0.8022084197297126,101847
0.5,2024,4,0.6025641025641025,0.8114833836985651,155094
0.5,2024,5,0.6666666666666666,0.7871702302868657,108594
0.5,2024,6,0.6666666666666666,0.8205622841306642,182953
0.5,2024,7,0.6025641025641025,0.8544729738971353,99600
0.5,2024,8,0.6025641025641025,0.8013291436611967,325442
0.5,2024,9,0.5384615384615384,0.7621934742612203,9909
5.0,42,0,0.5384615384615384,0.8214307195400505,108237
5.0,42,1,0.6666666666666666,0.8635956668167007,113710
5.0,42,2,0.6666666666666666,0.844431990361247,129397
5.0,42,3,0.6666666666666666,0.8649832387365219,142345
5.0,42,4,0.6666666666666666,0.8326872203280263,260826
5.0,42,5,0.6666666666666666,0.8446854547522188,132788
5.0,42,6,0.6025641025641025,0.8570443273949476,142250
5.0,42,7,0.6025641025641025,0.8537024541194593,82129
5.0,42,8,0.5384615384615384,0.8300114414041362,230339
5.0,42,9,0.6666666666666666,0.8619851059021195,93105
5.0,1337,0,0.6666666666666666,0.8582610125745526,144625
5.0,1337,1,0.6666666666666666,0.8387714468949643,105728
5.0,1337,2,0.6666666666666666,0.8415219703482176,147751
5.0,1337,3,0.6666666666666666,0.8612473659075293,160190
5.0,1337,4,0.6666666666666666,0.8508434958859618,198669
5.0,1337,5,0.6666666666666666,0.8127979178924046,147299
5.0,1337,6,0.6666666666666666,0.8448709350928433,125196
5.0,1337,7,0.6666666666666666,0.8591055247565527,162553
5.0,1337,8,0.5384615384615384,0.8200399346444412,113208
5.0,1337,9,0.6666666666666666,0.844314197769283,129907
5.0,2024,0,0.6666666666666666,0.8479865034544013,301686
5.0,2024,1,0.6666666666666666,0.8378808586001439,159956
5.0,2024,2,0.6666666666666666,0.8489258184090106,153145
5.0,2024,3,0.6025641025641025,0.84666617146948,146584
5.0,2024,4,0.6666666666666666,0.8361851193819894,98024
5.0,2024,5,0.6666666666666666,0.8444983448641932,98099
5.0,2024,6,0.6666666666666666,0.8301799403851005,157181
5.0,2024,7,0.6025641025641025,0.8546111627035451,152309
5.0,2024,8,0.6666666666666666,0.8376193448280437,89047
5.0,2024,9,0.6025641025641025,0.8226432824588954,79095
