alpha,seed,silo,family,n
0.1,1337,0,Benign,1056872
0.1,1337,0,Bot,9
0.1,1337,0,DDoS,10114
0.1,1337,0,DoS,2
0.1,1337,0,PortScan,62
0.1,1337,1,Benign,39
0.1,1337,1,Bot,3
0.1,1337,1,DDoS,2478
0.1,1337,1,DoS,259
0.1,1337,1,WebAttack,4
0.1,1337,2,DDoS,259
0.1,1337,2,DoS,12
0.1,1337,2,Heartbleed,4
0.1,1337,2,PortScan,2425
0.1,1337,3,Benign,4226
0.1,1337,3,Bot,29
0.1,1337,3,BruteForce,1151
0.1,1337,3,DDoS,1
0.1,1337,3,DoS,1818
0.1,1337,3,Heartbleed,1
0.1,1337,3,Infiltration,1
0.1,1337,3,PortScan,655
0.1,1337,4,Benign,10615
0.1,1337,4,Bot,1923
0.1,1337,4,BruteForce,3494
0.1,1337,4,DDoS,289
0.1,1337,4,DoS,303
0.1,1337,4,Heartbleed,2
0.1,1337,4,WebAttack,7
0.1,1337,5,BruteForce,288
0.1,1337,5,DDoS,22
0.1,1337,5,DoS,10
0.1,1337,5,Infiltration,5
0.1,1337,5,PortScan,25292
0.1,1337,5,WebAttack,136
0.1,1337,6,Benign,47
0.1,1337,6,Bot,304
0.1,1337,6,DDoS,56464
0.1,1337,6,Infiltration,2
0.1,1337,6,PortScan,39051
0.1,1337,6,WebAttack,1393
0.1,1337,7,Benign,388
0.1,1337,7,Bot,233
0.1,1337,7,BruteForce,1
0.1,1337,7,DDoS,1541
0.1,1337,7,DoS,14424
0.1,1337,7,Infiltration,18
0.1,1337,7,WebAttack,1
0.1,1337,8,Bot,16
0.1,1337,8,DoS,8
0.1,1337,8,Infiltration,23
0.1,1337,8,PortScan,789
0.1,1337,9,Benign,8487
0.1,1337,9,Bot,1010
0.1,1337,9,BruteForce,295
0.1,1337,9,DDoS,190
0.1,1337,9,DoS,116282
0.1,1337,9,Heartbleed,1
0.1,1337,9,Infiltration,1
0.1,1337,9,PortScan,71346
0.1,1337,9,WebAttack,1
0.1,2024,0,Benign,4392
0.1,2024,0,Bot,3
0.1,2024,0,DDoS,60
0.1,2024,0,DoS,41074
0.1,2024,0,PortScan,346
0.1,2024,1,Benign,28871
0.1,2024,1,Bot,1
0.1,2024,1,BruteForce,2130
0.1,2024,1,DDoS,9179
0.1,2024,1,DoS,1796
0.1,2024,1,Heartbleed,3
0.1,2024,1,WebAttack,19
0.1,2024,2,Benign,1730
0.1,2024,2,Bot,8
0.1,2024,2,DDoS,3172
0.1,2024,2,DoS,65
0.1,2024,2,PortScan,43211
0.1,2024,2,WebAttack,98
0.1,2024,3,Benign,122
0.1,2024,3,BruteForce,365
0.1,2024,3,PortScan,88315
0.1,2024,4,Benign,10274
0.1,2024,4,Bot,1404
0.1,2024,4,DDoS,58785
0.1,2024,4,DoS,2170
0.1,2024,4,Heartbleed,2
0.1,2024,4,Infiltration,10
0.1,2024,4,PortScan,254
0.1,2024,4,WebAttack,460
0.1,2024,5,Benign,250
0.1,2024,5,Bot,1300
0.1,2024,5,DoS,65
0.1,2024,5,PortScan,7477
0.1,2024,6,Benign,1004282
0.1,2024,6,Bot,9
0.1,2024,6,BruteForce,833
0.1,2024,6,DDoS,149
0.1,2024,6,DoS,34140
0.1,2024,6,Heartbleed,2
0.1,2024,7,Benign,27420
0.1,2024,7,Bot,799
0.1,2024,7,BruteForce,162
0.1,2024,7,DoS,5471
0.1,2024,7,Infiltration,3
0.1,2024,7,PortScan,1
0.1,2024,7,WebAttack,964
0.1,2024,8,Benign,976
0.1,2024,8,Bot,2
0.1,2024,8,BruteForce,47
0.1,2024,8,Infiltration,22
0.1,2024,9,Benign,2357
0.1,2024,9,Bot,1
0.1,2024,9,BruteForce,1692
0.1,2024,9,DDoS,13
0.1,2024,9,DoS,48337
0.1,2024,9,Heartbleed,1
0.1,2024,9,Infiltration,15
0.1,2024,9,PortScan,16
0.1,2024,9,WebAttack,1
0.1,42,0,Bot,361
0.1,42,0,BruteForce,10
0.1,42,0,DDoS,31541
0.1,42,0,PortScan,133559
0.1,42,1,Benign,446
0.1,42,1,Bot,176
0.1,42,1,BruteForce,847
0.1,42,1,DoS,285
0.1,42,1,PortScan,501
0.1,42,2,Benign,606828
0.1,42,2,DDoS,2141
0.1,42,2,DoS,27511
0.1,42,2,WebAttack,196
0.1,42,3,Bot,1952
0.1,42,3,BruteForce,15
0.1,42,3,DoS,20
0.1,42,3,PortScan,2
0.1,42,3,WebAttack,1217
0.1,42,4,Benign,877
0.1,42,4,Bot,30
0.1,42,4,BruteForce,806
0.1,42,4,DDoS,219
0.1,42,4,Infiltration,48
0.1,42,4,PortScan,5430
0.1,42,4,WebAttack,21
0.1,42,5,Benign,19313
0.1,42,5,Bot,998
0.1,42,5,DoS,21640
0.1,42,5,PortScan,126
0.1,42,6,BruteForce,72
0.1,42,6,DDoS,37418
0.1,42,6,PortScan,1
0.1,42,7,Benign,59511
0.1,42,7,Bot,9
0.1,42,7,BruteForce,3463
0.1,42,7,DoS,35403
0.1,42,7,Heartbleed,7
0.1,42,7,Infiltration,1
0.1,42,8,Benign,393698
0.1,42,8,BruteForce,15
0.1,42,8,DDoS,11
0.1,42,8,DoS,48255
0.1,42,8,WebAttack,3
0.1,42,9,Benign,1
0.1,42,9,Bot,1
0.1,42,9,BruteForce,1
0.1,42,9,DDoS,28
0.1,42,9,DoS,4
0.1,42,9,Heartbleed,1
0.1,42,9,Infiltration,1
0.1,42,9,PortScan,1
0.1,42,9,WebAttack,105
0.5,1337,0,Benign,446187
0.5,1337,0,Bot,268
0.5,1337,0,BruteForce,134
0.5,1337,0,DDoS,9671
0.5,1337,0,DoS,4913
0.5,1337,0,PortScan,5846
0.5,1337,0,WebAttack,468
0.5,1337,1,Benign,29347
0.5,1337,1,Bot,955
0.5,1337,1,BruteForce,439
0.5,1337,1,DDoS,6294
0.5,1337,1,DoS,12773
0.5,1337,1,Infiltration,20
0.5,1337,1,PortScan,394
0.5,1337,1,WebAttack,4
0.5,1337,2,Benign,8564
0.5,1337,2,Bot,426
0.5,1337,2,DDoS,970
0.5,1337,2,DoS,6527
0.5,1337,2,Heartbleed,2
0.5,1337,2,Infiltration,12
0.5,1337,2,PortScan,12780
0.5,1337,2,WebAttack,150
0.5,1337,3,Benign,91629
0.5,1337,3,Bot,60
0.5,1337,3,BruteForce,1961
0.5,1337,3,DDoS,21453
0.5,1337,3,DoS,22474
0.5,1337,3,Heartbleed,1
0.5,1337,3,Infiltration,10
0.5,1337,3,PortScan,9418
0.5,1337,3,WebAttack,11
0.5,1337,4,Bot,38
0.5,1337,4,BruteForce,1047
0.5,1337,4,DDoS,3784
0.5,1337,4,DoS,13293
0.5,1337,4,Heartbleed,2
0.5,1337,4,PortScan,574
0.5,1337,4,WebAttack,165
0.5,1337,5,Benign,30646
0.5,1337,5,Bot,368
0.5,1337,5,BruteForce,267
0.5,1337,5,DDoS,2257
0.5,1337,5,DoS,6337
0.5,1337,5,Infiltration,1
0.5,1337,5,PortScan,26258
0.5,1337,5,WebAttack,451
0.5,1337,6,Benign,46616
0.5,1337,6,Bot,106
0.5,1337,6,BruteForce,250
0.5,1337,6,DDoS,20913
0.5,1337,6,DoS,384
0.5,1337,6,PortScan,31356
0.5,1337,6,WebAttack,113
0.5,1337,7,Benign,2634
0.5,1337,7,Bot,352
0.5,1337,7,BruteForce,19
0.5,1337,7,DDoS,5557
0.5,1337,7,DoS,60150
0.5,1337,7,Heartbleed,1
0.5,1337,7,PortScan,1210
0.5,1337,7,WebAttack,92
0.5,1337,8,Benign,133899
0.5,1337,8,Bot,130
0.5,1337,8,BruteForce,78
0.5,1337,8,DDoS,63
0.5,1337,8,DoS,5940
0.5,1337,8,Heartbleed,1
0.5,1337,8,Infiltration,6
0.5,1337,8,PortScan,9805
0.5,1337,8,WebAttack,33
0.5,1337,9,Benign,291152
0.5,1337,9,Bot,824
0.5,1337,9,BruteForce,1034
0.5,1337,9,DDoS,396
0.5,1337,9,DoS,327
0.5,1337,9,Heartbleed,1
0.5,1337,9,Infiltration,1
0.5,1337,9,PortScan,41979
0.5,1337,9,WebAttack,55
0.5,2024,0,Benign,96295
0.5,2024,0,Bot,157
0.5,2024,0,BruteForce,2
0.5,2024,0,DDoS,17854
0.5,2024,0,DoS,23904
0.5,2024,0,Infiltration,3
0.5,2024,0,PortScan,11740
0.5,2024,0,WebAttack,12
0.5,2024,1,Benign,167756
0.5,2024,1,Bot,111
0.5,2024,1,BruteForce,1453
0.5,2024,1,DDoS,2131
0.5,2024,1,DoS,454
0.5,2024,1,Heartbleed,3
0.5,2024,1,Infiltration,1
0.5,2024,1,PortScan,359
0.5,2024,1,WebAttack,237
0.5,2024,2,Benign,77025
0.5,2024,2,Bot,183
0.5,2024,2,BruteForce,95
0.5,2024,2,DDoS,6741
0.5,2024,2,DoS,8267
0.5,2024,2,Infiltration,4
0.5,2024,2,PortScan,36866
0.5,2024,2,WebAttack,34
0.5,2024,3,Benign,44678
0.5,2024,3,Bot,22
0.5,2024,3,BruteForce,617
0.5,2024,3,DDoS,5000
0.5,2024,3,DoS,3820
0.5,2024,3,Infiltration,6
0.5,2024,3,PortScan,47262
0.5,2024,3,WebAttack,442
0.5,2024,4,Benign,121114
0.5,2024,4,Bot,1009
0.5,2024,4,BruteForce,114
0.5,2024,4,DDoS,76
0.5,2024,4,DoS,21741
0.5,2024,4,Heartbleed,1
0.5,2024,4,Infiltration,4
0.5,2024,4,PortScan,11035
0.5,2024,5,Benign,51556
0.5,2024,5,Bot,962
0.5,2024,5,BruteForce,31
0.5,2024,5,DDoS,22666
0.5,2024,5,DoS,10781
0.5,2024,5,PortScan,22565
0.5,2024,5,WebAttack,33
0.5,2024,6,Benign,164788
0.5,2024,6,Bot,190
0.5,2024,6,BruteForce,862
0.5,2024,6,DDoS,13612
0.5,2024,6,DoS,505
0.5,2024,6,Heartbleed,1
0.5,2024,6,Infiltration,4
0.5,2024,6,PortScan,2299
0.5,2024,6,WebAttack,692
0.5,2024,7,Benign,67949
0.5,2024,7,Bot,740
0.5,2024,7,BruteForce,472
0.5,2024,7,DDoS,173
0.5,2024,7,DoS,26156
0.5,2024,7,Heartbleed,2
0.5,2024,7,Infiltration,20
0.5,2024,7,PortScan,4080
0.5,2024,7,WebAttack,8
0.5,2024,8,Benign,285820
0.5,2024,8,Bot,143
0.5,2024,8,BruteForce,334
0.5,2024,8,DDoS,2555
0.5,2024,8,DoS,36535
0.5,2024,8,Infiltration,1
0.5,2024,8,WebAttack,54
0.5,2024,9,Benign,3693
0.5,2024,9,Bot,10
0.5,2024,9,BruteForce,1249
0.5,2024,9,DDoS,550
0.5,2024,9,DoS,955
0.5,2024,9,Heartbleed,1
0.5,2024,9,Infiltration,7
0.5,2024,9,PortScan,3414
0.5,2024,9,WebAttack,30
0.5,42,0,Benign,9032
0.5,42,0,Bot,175
0.5,42,0,BruteForce,884
0.5,42,0,DDoS,20008
0.5,42,0,DoS,10459
0.5,42,0,Heartbleed,3
0.5,42,0,PortScan,57326
0.5,42,0,WebAttack,59
0.5,42,1,Benign,43700
0.5,42,1,Bot,8
0.5,42,1,BruteForce,58
0.5,42,1,DDoS,741
0.5,42,1,DoS,3464
0.5,42,1,Infiltration,25
0.5,42,1,PortScan,93
0.5,42,1,WebAttack,31
0.5,42,2,Benign,392376
0.5,42,2,Bot,111
0.5,42,2,BruteForce,329
0.5,42,2,DDoS,5985
0.5,42,2,DoS,24426
0.5,42,2,Heartbleed,1
0.5,42,2,Infiltration,3
0.5,42,2,PortScan,10657
0.5,42,2,WebAttack,211
0.5,42,3,Benign,122
0.5,42,3,Bot,425
0.5,42,3,BruteForce,870
0.5,42,3,DDoS,192
0.5,42,3,DoS,37044
0.5,42,3,PortScan,3967
0.5,42,3,WebAttack,567
0.5,42,4,Benign,50019
0.5,42,4,Bot,41
0.5,42,4,BruteForce,40
0.5,42,4,DDoS,3305
0.5,42,4,DoS,3541
0.5,42,4,Infiltration,1
0.5,42,4,PortScan,1528
0.5,42,4,WebAttack,357
0.5,42,5,Benign,19
0.5,42,5,Bot,1436
0.5,42,5,BruteForce,459
0.5,42,5,DDoS,16782
0.5,42,5,DoS,3894
0.5,42,5,Infiltration,3
0.5,42,5,PortScan,1165
0.5,42,5,WebAttack,129
0.5,42,6,Benign,138718
0.5,42,6,Bot,1
0.5,42,6,BruteForce,1510
0.5,42,6,DDoS,36
0.5,42,6,DoS,166
0.5,42,6,Heartbleed,2
0.5,42,6,Infiltration,4
0.5,42,6,PortScan,1025
0.5,42,6,WebAttack,62
0.5,42,7,Benign,300494
0.5,42,7,Bot,32
0.5,42,7,BruteForce,9
0.5,42,7,DDoS,22363
0.5,42,7,DoS,6958
0.5,42,7,Heartbleed,1
0.5,42,7,Infiltration,1
0.5,42,7,PortScan,341
0.5,42,7,WebAttack,33
0.5,42,8,Benign,11224
0.5,42,8,Bot,1260
0.5,42,8,BruteForce,21
0.5,42,8,DDoS,153
0.5,42,8,DoS,42739
0.5,42,8,Infiltration,6
0.5,42,8,PortScan,36368
0.5,42,8,WebAttack,8
0.5,42,9,Benign,134970
0.5,42,9,Bot,38
0.5,42,9,BruteForce,1049
0.5,42,9,DDoS,1793
0.5,42,9,DoS,427
0.5,42,9,Heartbleed,1
0.5,42,9,Infiltration,7
0.5,42,9,PortScan,27150
0.5,42,9,WebAttack,85
5.0,1337,0,Benign,108587
5.0,1337,0,Bot,283
5.0,1337,0,BruteForce,388
5.0,1337,0,DDoS,2877
5.0,1337,0,DoS,18808
5.0,1337,0,Heartbleed,1
5.0,1337,0,Infiltration,4
5.0,1337,0,PortScan,13459
5.0,1337,0,WebAttack,218
5.0,1337,1,Benign,81967
5.0,1337,1,Bot,380
5.0,1337,1,BruteForce,598
5.0,1337,1,DDoS,4893
5.0,1337,1,DoS,11637
5.0,1337,1,Heartbleed,1
5.0,1337,1,Infiltration,5
5.0,1337,1,PortScan,6091
5.0,1337,1,WebAttack,156
5.0,1337,2,Benign,104949
5.0,1337,2,Bot,172
5.0,1337,2,BruteForce,983
5.0,1337,2,DDoS,7259
5.0,1337,2,DoS,14232
5.0,1337,2,Infiltration,3
5.0,1337,2,PortScan,20042
5.0,1337,2,WebAttack,111
5.0,1337,3,Benign,111996
5.0,1337,3,Bot,417
5.0,1337,3,BruteForce,491
5.0,1337,3,DDoS,16736
5.0,1337,3,DoS,13147
5.0,1337,3,Heartbleed,1
5.0,1337,3,Infiltration,6
5.0,1337,3,PortScan,17285
5.0,1337,3,WebAttack,111
5.0,1337,4,Benign,167248
5.0,1337,4,Bot,247
5.0,1337,4,BruteForce,618
5.0,1337,4,DDoS,6673
5.0,1337,4,DoS,13111
5.0,1337,4,Heartbleed,1
5.0,1337,4,Infiltration,5
5.0,1337,4,PortScan,10635
5.0,1337,4,WebAttack,131
5.0,1337,5,Benign,115400
5.0,1337,5,Bot,360
5.0,1337,5,BruteForce,511
5.0,1337,5,DDoS,6785
5.0,1337,5,DoS,11597
5.0,1337,5,Infiltration,3
5.0,1337,5,PortScan,12581
5.0,1337,5,WebAttack,62
5.0,1337,6,Benign,91448
5.0,1337,6,Bot,96
5.0,1337,6,BruteForce,275
5.0,1337,6,DDoS,8034
5.0,1337,6,DoS,10871
5.0,1337,6,Heartbleed,1
5.0,1337,6,Infiltration,6
5.0,1337,6,PortScan,14385
5.0,1337,6,WebAttack,80
5.0,1337,7,Benign,127037
5.0,1337,7,Bot,468
5.0,1337,7,BruteForce,347
5.0,1337,7,DDoS,7522
5.0,1337,7,DoS,13589
5.0,1337,7,Heartbleed,1
5.0,1337,7,Infiltration,8
5.0,1337,7,PortScan,13405
5.0,1337,7,WebAttack,176
5.0,1337,8,Benign,67488
5.0,1337,8,Bot,322
5.0,1337,8,BruteForce,615
5.0,1337,8,DDoS,8588
5.0,1337,8,DoS,18512
5.0,1337,8,Heartbleed,1
5.0,1337,8,Infiltration,3
5.0,1337,8,PortScan,17476
5.0,1337,8,WebAttack,203
5.0,1337,9,Benign,104554
5.0,1337,9,Bot,782
5.0,1337,9,BruteForce,403
5.0,1337,9,DDoS,1991
5.0,1337,9,DoS,7614
5.0,1337,9,Heartbleed,1
5.0,1337,9,Infiltration,7
5.0,1337,9,PortScan,14261
5.0,1337,9,WebAttack,294
5.0,2024,0,Benign,277111
5.0,2024,0,Bot,653
5.0,2024,0,BruteForce,746
5.0,2024,0,DDoS,8085
5.0,2024,0,DoS,4996
5.0,2024,0,Infiltration,10
5.0,2024,0,PortScan,9938
5.0,2024,0,WebAttack,147
5.0,2024,1,Benign,125504
5.0,2024,1,Bot,289
5.0,2024,1,BruteForce,428
5.0,2024,1,DDoS,5938
5.0,2024,1,DoS,16455
5.0,2024,1,Heartbleed,1
5.0,2024,1,Infiltration,2
5.0,2024,1,PortScan,11232
5.0,2024,1,WebAttack,107
5.0,2024,2,Benign,122458
5.0,2024,2,Bot,376
5.0,2024,2,BruteForce,406
5.0,2024,2,DDoS,13133
5.0,2024,2,DoS,9907
5.0,2024,2,Heartbleed,1
5.0,2024,2,Infiltration,2
5.0,2024,2,PortScan,6705
5.0,2024,2,WebAttack,157
5.0,2024,3,Benign,114304
5.0,2024,3,Bot,284
5.0,2024,3,BruteForce,473
5.0,2024,3,DDoS,7752
5.0,2024,3,DoS,12424
5.0,2024,3,Heartbleed,1
5.0,2024,3,Infiltration,4
5.0,2024,3,PortScan,11088
5.0,2024,3,WebAttack,254
5.0,2024,4,Benign,45869
5.0,2024,4,Bot,313
5.0,2024,4,BruteForce,802
5.0,2024,4,DDoS,5101
5.0,2024,4,DoS,30981
5.0,2024,4,Heartbleed,1
5.0,2024,4,Infiltration,7
5.0,2024,4,PortScan,14797
5.0,2024,4,WebAttack,153
5.0,2024,5,Benign,56792
5.0,2024,5,Bot,339
5.0,2024,5,BruteForce,726
5.0,2024,5,DDoS,9736
5.0,2024,5,DoS,18513
5.0,2024,5,Infiltration,6
5.0,2024,5,PortScan,11695
5.0,2024,5,WebAttack,292
5.0,2024,6,Benign,128261
5.0,2024,6,Bot,300
5.0,2024,6,BruteForce,296
5.0,2024,6,DDoS,8772
5.0,2024,6,DoS,10470
5.0,2024,6,Heartbleed,1
5.0,2024,6,Infiltration,4
5.0,2024,6,PortScan,8956
5.0,2024,6,WebAttack,121
5.0,2024,7,Benign,111739
5.0,2024,7,Bot,190
5.0,2024,7,BruteForce,596
5.0,2024,7,DDoS,5876
5.0,2024,7,DoS,8727
5.0,2024,7,Heartbleed,1
5.0,2024,7,Infiltration,4
5.0,2024,7,PortScan,25068
5.0,2024,7,WebAttack,108
5.0,2024,8,Benign,59177
5.0,2024,8,Bot,199
5.0,2024,8,BruteForce,283
5.0,2024,8,DDoS,2836
5.0,2024,8,DoS,9565
5.0,2024,8,Heartbleed,1
5.0,2024,8,Infiltration,7
5.0,2024,8,PortScan,16908
5.0,2024,8,WebAttack,71
5.0,2024,9,Benign,39459
5.0,2024,9,Bot,584
5.0,2024,9,BruteForce,473
5.0,2024,9,DDoS,4129
5.0,2024,9,DoS,11080
5.0,2024,9,Heartbleed,1
5.0,2024,9,Infiltration,4
5.0,2024,9,PortScan,23233
5.0,2024,9,WebAttack,132
5.0,42,0,Benign,77153
5.0,42,0,Bot,566
5.0,42,0,BruteForce,929
5.0,42,0,DDoS,8316
5.0,42,0,DoS,17158
5.0,42,0,Infiltration,3
5.0,42,0,PortScan,4039
5.0,42,0,WebAttack,73
5.0,42,1,Benign,73649
5.0,42,1,Bot,514
5.0,42,1,BruteForce,736
5.0,42,1,DDoS,8781
5.0,42,1,DoS,6731
5.0,42,1,Heartbleed,1
5.0,42,1,Infiltration,3
5.0,42,1,PortScan,23115
5.0,42,1,WebAttack,180
5.0,42,2,Benign,83598
5.0,42,2,Bot,262
5.0,42,2,BruteForce,353
5.0,42,2,DDoS,5620
5.0,42,2,DoS,20996
5.0,42,2,Infiltration,4
5.0,42,2,PortScan,18341
5.0,42,2,WebAttack,223
5.0,42,3,Benign,103623
5.0,42,3,Bot,342
5.0,42,3,BruteForce,327
5.0,42,3,DDoS,4826
5.0,42,3,DoS,10118
5.0,42,3,Heartbleed,1
5.0,42,3,Infiltration,4
5.0,42,3,PortScan,22972
5.0,42,3,WebAttack,132
5.0,42,4,Benign,233189
5.0,42,4,Bot,186
5.0,42,4,BruteForce,635
5.0,42,4,DDoS,5772
5.0,42,4,DoS,8030
5.0,42,4,Heartbleed,1
5.0,42,4,Infiltration,4
5.0,42,4,PortScan,12878
5.0,42,4,WebAttack,131
5.0,42,5,Benign,91254
5.0,42,5,Bot,294
5.0,42,5,BruteForce,769
5.0,42,5,DDoS,9621
5.0,42,5,DoS,22890
5.0,42,5,Heartbleed,1
5.0,42,5,Infiltration,8
5.0,42,5,PortScan,7859
5.0,42,5,WebAttack,92
5.0,42,6,Benign,100203
5.0,42,6,Bot,455
5.0,42,6,BruteForce,176
5.0,42,6,DDoS,5635
5.0,42,6,DoS,21042
5.0,42,6,Heartbleed,1
5.0,42,6,Infiltration,8
5.0,42,6,PortScan,14521
5.0,42,6,WebAttack,209
5.0,42,7,Benign,53208
5.0,42,7,Bot,292
5.0,42,7,BruteForce,344
5.0,42,7,DDoS,7879
5.0,42,7,DoS,8901
5.0,42,7,Infiltration,4
5.0,42,7,PortScan,11260
5.0,42,7,WebAttack,241
5.0,42,8,Benign,199591
5.0,42,8,Bot,227
5.0,42,8,BruteForce,633
5.0,42,8,DDoS,7130
5.0,42,8,DoS,8649
5.0,42,8,Heartbleed,2
5.0,42,8,Infiltration,4
5.0,42,8,PortScan,14007
5.0,42,8,WebAttack,96
5.0,42,9,Benign,65206
5.0,42,9,Bot,389
5.0,42,9,BruteForce,327
5.0,42,9,DDoS,7778
5.0,42,9,DoS,8603
5.0,42,9,Heartbleed,1
5.0,42,9,Infiltration,8
5.0,42,9,PortScan,10628
5.0,42,9,WebAttack,165
