alpha,seed,silo,total,log_size,entropy,benign_share,kl_from_global,jaccard_at_10,kendall_weighted_tau
0.1,42,0,165471.0,5.218721891504165,0.7254326355042571,0.0,2.8326136537004976,0.1437908496732026,0.3528241247331374
0.1,42,1,2255.0,3.3531465462139796,2.1395355205065387,0.19778270509977827,2.8409833767470776,0.3333333333333333,0.418004516725672
0.1,42,2,636676.0,5.803918479102077,0.2930944814978847,0.9531190118678888,0.2627912469877343,0.4285714285714285,0.6813710800538129
0.1,42,3,3206.0,3.505963518018126,1.0548518244068137,0.0,8.028128922799453,0.1145510835913312,0.4066431936497782
0.1,42,4,7431.0,3.8710472613054994,1.2950357879605867,0.1180191091373974,2.3744015076376166,0.2916666666666666,0.6244405683987072
0.1,42,5,42077.0,4.624044767982873,1.1621711135934765,0.4589918482781567,1.0055776727903318,0.1764705882352941,0.5074385598037631
0.1,42,6,37491.0,4.573927024542379,0.02054253758246052,0.0,4.31663108649029,0.2549019607843137,0.2042496785498268
0.1,42,7,98394.0,4.992968616253102,1.141671942594924,0.6048234648454174,0.6274182252250637,0.4358974358974359,0.6798315771061811
0.1,42,8,441982.0,5.645404582788335,0.49851830675203723,0.8907557321338878,0.24099599227844384,0.4358974358974359,0.7197354486567529
0.1,1337,0,1067059.0,6.028188433169581,0.07840816878110612,0.9904531989327675,0.36824676126815103,0.5384615384615384,0.8194239528015475
0.1,1337,1,2783.0,3.444513206334043,0.5783968172938714,0.014013654329859864,3.6255289121484364,0.25,0.5025960939989845
0.1,1337,2,2700.0,3.4313637641589874,0.512257470076355,0.0,2.9634146535120274,0.25,0.3644248167584
0.1,1337,3,7882.0,3.8966364305295844,1.708514294131605,0.5361583354478558,0.8009196388543469,0.5384615384615384,0.7080855325368791
0.1,1337,4,16633.0,4.220970587520289,1.4593887956492653,0.6381891420669753,1.64956996773481,0.5384615384615384,0.7602208549478937
0.1,1337,5,25753.0,4.410827827845384,0.15353958083559302,0.0,3.298460897274779,0.213235294117647,0.5869082331610614
0.1,1337,6,97261.0,4.987938730503075,1.1034227558351173,0.00048323582936634415,2.9288479280507858,0.3333333333333333,0.5411499868176985
0.1,1337,7,16606.0,4.220265033587232,0.7201597239860728,0.023365048777550284,2.809626403813031,0.3809523809523809,0.5998816868906793
0.1,1337,8,836.0,2.9222062774390163,0.39481795910249756,0.0,3.3839455518604935,0.4835164835164834,0.4756757926688997
0.1,1337,9,197613.0,5.29581551131717,1.2386865953368789,0.04294757935965751,2.0718920484764425,0.3333333333333333,0.6798078270087142
0.1,2024,0,45875.0,4.661576077260146,0.5334591391881515,0.09573841961852861,2.608700384406869,0.25,0.4781647888546293
0.1,2024,1,41999.0,4.623238949929992,1.2701939805239941,0.6874211290745018,0.5208806864188205,0.5384615384615384,0.7352782775490945
0.1,2024,2,48284.0,4.683803241250684,0.6065275459481012,0.03582967442631099,2.7270722405782437,0.25,0.534658622073682
0.1,2024,3,88802.0,4.948422747075702,0.05353231962610662,0.0013738429314655075,3.323489342087347,0.1437908496732026,0.3174272397071982
0.1,2024,4,73359.0,4.865453402576878,0.989053810555669,0.1400509821562453,2.8813534052623124,0.3333333333333333,0.5587532541439408
0.1,2024,5,9092.0,3.9586594270529334,0.8267629978235123,0.027496700395952485,3.212947295772387,0.213235294117647,0.3984056720656136
0.1,2024,6,1039415.0,6.0167889799201895,0.22005325606544154,0.966199256312445,0.2952539217174289,0.5384615384615384,0.8179063822334074
0.1,2024,7,34820.0,4.541828766781312,0.9968214422812678,0.7874784606547961,0.3754522433325224,0.3333333333333333,0.7099712048976714
0.1,2024,8,1047.0,3.0199466816788423,0.42977942979590256,0.9321872015281757,0.643073281729807,0.25,0.4202562427162567
0.1,2024,9,52433.0,4.719604706963622,0.4800150679358737,0.04495260618312895,2.9692238380020934,0.3809523809523809,0.6181847363877858
0.5,42,0,97946.0,4.99098670461458,1.6666225559659757,0.09221407714454903,1.6844866145411947,0.5384615384615384,0.6948862093340765
0.5,42,1,48120.0,4.682325618667807,0.5359186601494649,0.9081463009143808,0.18110558064616958,0.6025641025641025,0.8293862531221637
0.5,42,2,434099.0,5.637588785389536,0.5983012719485832,0.903885979926238,0.12014930645528497,0.5384615384615384,0.8521232574672453
0.5,42,3,43187.0,4.6353530366778,0.8260898120317589,0.0028249241669946975,2.8235226805545737,0.3333333333333333,0.6386869859150508
0.5,42,4,58832.0,4.769613612524787,0.8726446311771023,0.850200571117759,0.08396378011566386,0.6666666666666666,0.8424802391736192
0.5,42,5,23887.0,4.378161609554913,1.4008515341082437,0.0007954117302298321,3.0965786384644005,0.3809523809523809,0.6391959036859737
0.5,42,6,141524.0,5.150830094869005,0.16981791628951678,0.9801729741951896,0.3522607610841098,0.5384615384615384,0.8240159312904026
0.5,42,7,330232.0,5.518819154784007,0.5176435975313313,0.9099481576588581,0.2258636115329118,0.6666666666666666,0.779787870866664
0.5,42,8,91779.0,4.962743321425236,1.5185673532001605,0.12229377090619858,1.5908866535769834,0.4835164835164834,0.723990331766414
0.5,42,9,165520.0,5.2188504776576785,0.8161032250067408,0.8154301594973417,0.18388420296333416,0.6666666666666666,0.8538724827256533
0.5,1337,0,467487.0,5.669769538402623,0.3476003423379996,0.9544372356878373,0.2278271307394526,0.5384615384615384,0.750724468239821
0.5,1337,1,50226.0,4.700928592312441,1.5597124691112771,0.5842989686616493,0.3630769097924951,0.5384615384615384,0.7903175765478789
0.5,1337,2,29431.0,4.468805018712035,1.8177535616460405,0.29098569535523766,0.847498536356071,0.4835164835164834,0.7786855418478558
0.5,1337,3,147017.0,5.167367556376181,1.58824586343298,0.6232544535665944,0.15184425538004415,0.5384615384615384,0.8189387990555737
0.5,1337,4,18903.0,4.27653073433479,1.2851456938481076,0.0,2.6500570881258745,0.2916666666666666,0.5562240355170818
0.5,1337,5,66585.0,4.823376404081048,1.6555276459911576,0.46025381091837503,0.4791464596903239,0.5384615384615384,0.7847467654937814
0.5,1337,6,99738.0,4.9988606552632096,1.5843886525690392,0.46738454751448794,0.6255195713579338,0.5384615384615384,0.8081661298748781
0.5,1337,7,70015.0,4.845191093147899,0.8119678080962284,0.0376205098907377,2.6112360433542303,0.2916666666666666,0.5164608418981064
0.5,1337,8,149955.0,5.175960951163949,0.6102639597548318,0.8929278783635091,0.12727717771336983,0.5384615384615384,0.8112256753642009
0.5,1337,9,335769.0,5.52604059725047,0.6237555887164635,0.8671199544925231,0.20776604418816735,0.5384615384615384,0.7733929610562513
0.5,2024,0,149967.0,5.175995703758194,1.49788429801383,0.6421079304113572,0.10060613791845505,0.6025641025641025,0.7390754012932409
0.5,2024,1,172505.0,5.236801687472711,0.23687143012486048,0.9724703631778789,0.31836730591766216,0.6025641025641025,0.8062681255909735
0.5,2024,2,129215.0,5.111312931918345,1.4618314464830737,0.5960995240490655,0.20785636386684164,0.6666666666666666,0.7913034338105678
0.5,2024,3,101847.0,5.007948240968639,1.5087708861558111,0.4386776242795566,0.6665582397420621,0.5384615384615384,0.8022084197297126
0.5,2024,4,155094.0,5.1905949969284055,1.0080672635045884,0.7809070628135195,0.09653221487105179,0.6025641025641025,0.8114833836985651
0.5,2024,5,108594.0,5.035805830419711,1.8511925905657,0.474759194798976,0.36803912130992966,0.6666666666666666,0.7871702302868657
0.5,2024,6,182953.0,5.262339535291681,0.5951710685022921,0.9007122047739037,0.23219873218750212,0.6666666666666666,0.8205622841306642
0.5,2024,7,99600.0,4.998259338423699,1.1807110389474549,0.682218875502008,0.25147664785390794,0.6025641025641025,0.8544729738971353
0.5,2024,8,325442.0,5.5124736002025045,0.590815402033807,0.8782517314913256,0.2015098282525342,0.6025641025641025,0.8013291436611967
0.5,2024,9,9909.0,3.9960298284110767,2.037887606609761,0.3726914925825008,0.9156348834666577,0.5384615384615384,0.7621934742612203
5.0,42,0,108237.0,5.034375746436004,1.3369177117235163,0.7128153958443046,0.0786318531772788,0.5384615384615384,0.8214307195400505
5.0,42,1,113710.0,5.05579865953248,1.4973825491535446,0.6476914959106499,0.09623216814706231,0.6666666666666666,0.8635956668167007
5.0,42,2,129397.0,5.111924207564916,1.486593344710631,0.6460582548281645,0.056065248830995285,0.6666666666666666,0.844431990361247
5.0,42,3,142345.0,5.153342216754863,1.2457065049326272,0.7279707752291966,0.03447267353983872,0.6666666666666666,0.8649832387365219
5.0,42,4,260826.0,5.416350881130879,0.6694282474939443,0.8940404714253947,0.09501138864547573,0.6666666666666666,0.8326872203280263
5.0,42,5,132788.0,5.123158829781563,1.3956805354906714,0.6872157122631564,0.0635292435140172,0.6666666666666666,0.8446854547522188
5.0,42,6,142250.0,5.153052275067108,1.337707363076935,0.704414762741652,0.02587947321181216,0.6025641025641025,0.8570443273949476
5.0,42,7,82129.0,4.914496534904194,1.558020237607316,0.6478588561896529,0.04957609406349109,0.6025641025641025,0.8537024541194593
5.0,42,8,230339.0,5.362367477047265,0.7960794505496831,0.8665097964304785,0.06111849456644329,0.5384615384615384,0.8300114414041362
5.0,42,9,93105.0,4.968973004441079,1.4131475600876542,0.7003490682562699,0.019499454573949623,0.6666666666666666,0.8619851059021195
5.0,1337,0,144625.0,5.1602433719598055,1.17956496982072,0.7508176318063958,0.026876636930855877,0.6666666666666666,0.8582610125745526
5.0,1337,1,105728.0,5.024190016968251,1.1636262692798176,0.7752629388619855,0.01765314761450623,0.6666666666666666,0.8387714468949643
5.0,1337,2,147751.0,5.1695304289307025,1.347807768166983,0.7103099133000792,0.013730197470928775,0.6666666666666666,0.8415219703482176
5.0,1337,3,160190.0,5.204635401383848,1.3999644596696101,0.6991447655908608,0.03769026822529262,0.6666666666666666,0.8612473659075293
5.0,1337,4,198669.0,5.298130105764736,0.9037737361572307,0.8418424615818271,0.03545989975231868,0.6666666666666666,0.8508434958859618
5.0,1337,5,147299.0,5.168199798465468,1.126835459156446,0.7834404849998982,0.004171948962511725,0.6666666666666666,0.8127979178924046
5.0,1337,6,125196.0,5.097590453429693,1.2849905160982078,0.7304386721620499,0.0075043050469438335,0.6666666666666666,0.8448709350928433
5.0,1337,7,162553.0,5.210994989036224,1.1340247010619116,0.7815112609425848,0.003922084780605083,0.6666666666666666,0.8591055247565527
5.0,1337,8,113208.0,5.053877117957308,1.652268367431802,0.5961416154335383,0.08694338151789728,0.5384615384615384,0.8200399346444412
5.0,1337,9,129907.0,5.113632553532346,1.0252953705775965,0.8048373066886311,0.041097826041730276,0.6666666666666666,0.844314197769283
5.0,2024,0,301686.0,5.479555156831199,0.5591380919715074,0.9185411321705349,0.14444588261278424,0.6666666666666666,0.8479865034544013
5.0,2024,1,159956.0,5.20400053524863,1.1042674852414835,0.7846157693365675,0.010742468282310654,0.6666666666666666,0.8378808586001439
5.0,2024,2,153145.0,5.185102822181722,1.069491279869093,0.7996212739560548,0.051334463842677355,0.6666666666666666,0.8489258184090106
5.0,2024,3,146584.0,5.166086568593438,1.1482212863058738,0.7797849697102003,0.005465615392973799,0.6025641025641025,0.84666617146948
5.0,2024,4,98024.0,4.991332420503515,1.770468581177481,0.46793642373296335,0.34857827496732063,0.6666666666666666,0.8361851193819894
5.0,2024,5,98099.0,4.991664580298446,1.7135551704336622,0.578925371308576,0.12140155859876461,0.6666666666666666,0.8444983448641932
5.0,2024,6,157181.0,5.1964000474676295,1.0103122245248486,0.8160082961681119,0.025205850897046547,0.6666666666666666,0.8301799403851005
5.0,2024,7,152309.0,5.182725566729693,1.2250752099176831,0.7336336001155546,0.042045822486123305,0.6025641025641025,0.8546111627035451
5.0,2024,8,89047.0,4.949619292632585,1.4065103978852804,0.6645591653845722,0.0644678946192276,0.6666666666666666,0.8376193448280437
5.0,2024,9,79095.0,4.898149030387145,1.752022670029899,0.4988810923572919,0.2760211816058624,0.6025641025641025,0.8226432824588954
